time(ms),altitude(m),velocity_pressure(m/s),acceleration_x(mG),acceleration_y(mG),acceleration_z(mG),acceleration_total(mG),gyro_x,gyro_y,gyro_z,bmp_temp(x100),pitch,roll,yaw,tilt,mt1_temp,apogee_prediction,air_brake_percent,target_alt,air_density,
-16741,-0.203,0.00,0,0,0,-1000.0,0,0,0,,0.00,0.00,0.00,0.00,,0.00,0,,12121,
-16502,-0.203,0.04,0,0,0,-1000.0,0,0,0,,0.00,0.00,0.00,0.00,,0.00,0,,12121,
-16263,-0.186,0.08,0,0,0,-1000.0,0,0,0,,0.00,0.00,0.00,0.00,,0.00,0,,12121,
-16024,-0.168,0.05,86,104,-974,-16.7,0,0,0,,80.48,124.32,113.73,95.35,,0.00,0,,12121,
-15786,-0.160,0.02,55,133,-970,-19.4,1,0,0,,80.57,122.60,112.59,95.06,,0.00,0,,12121,
-15547,-0.157,-0.02,90,99,-989,-2.0,0,0,2,3505,80.50,122.09,111.79,95.03,,0.00,0,,12121,
-15308,-0.167,-0.05,77,120,-976,-13.6,-3,0,2,,80.70,122.15,111.70,94.93,,0.00,0,,12121,
-15069,-0.180,-0.04,79,166,-954,-28.4,-4,0,1,,80.35,122.73,112.17,95.20,,0.00,0,,12121,
-14830,-0.186,-0.02,78,140,-969,-17.8,-1,0,1,,80.53,119.83,109.14,94.69,,0.00,0,,12121,
-14591,-0.189,-0.04,86,129,-978,-9.8,-3,0,1,,80.52,122.98,112.08,95.14,,0.00,0,,12121,
-14352,-0.207,-0.10,85,137,-975,-11.8,-2,0,0,3505,80.48,122.52,111.49,95.10,,0.00,0,,12121,
-14114,-0.236,-0.14,88,170,-945,-35.8,-3,0,0,,80.48,124.05,112.86,95.31,,0.00,0,,12121,
-13875,-0.276,-0.19,97,131,-965,-21.3,1,0,0,,80.38,125.38,114.03,95.55,,0.00,0,,12121,
-13636,-0.325,-0.19,90,125,-956,-31.7,0,0,1,,80.40,125.23,113.65,95.52,,0.00,0,,12121,
-13397,-0.366,-0.15,82,138,-971,-15.8,0,0,0,,80.64,121.93,110.32,94.93,,0.00,0,,12122,
-13158,-0.397,-0.07,78,119,-983,-6.8,2,0,0,3506,80.27,122.31,110.57,95.18,,0.00,0,,12122,
-12919,-0.398,0.04,86,121,-971,-17.7,-1,0,0,,80.42,123.85,111.89,95.32,,0.00,0,,12122,
-12680,-0.380,0.03,78,136,-972,-15.4,0,0,0,,80.56,121.88,109.78,94.97,,0.00,0,,12122,
-12442,-0.384,-0.02,78,123,-979,-10.2,1,0,0,,80.51,121.40,109.16,94.93,,0.00,0,,12122,
-12203,-0.388,-0.01,95,138,-967,-18.6,0,0,1,,80.11,122.89,110.42,95.35,,0.00,0,,12122,
-11964,-0.392,-0.03,94,117,-972,-16.5,0,0,0,3508,80.59,122.63,110.00,95.06,,0.00,0,,12122,
-11725,-0.402,-0.01,86,125,-967,-21.2,0,0,0,,80.55,122.44,109.61,95.05,,0.00,0,,12122,
-11486,-0.394,0.05,90,136,-965,-21.3,0,0,1,,80.35,123.77,110.78,95.35,,0.00,0,,12122,
-11247,-0.377,0.05,87,118,-966,-22.9,0,0,0,,80.75,123.54,110.38,95.10,,0.00,0,,12122,
-11008,-0.367,0.05,80,123,-978,-11.1,0,0,1,,81.05,123.22,109.84,94.89,,0.00,0,,12122,
-10770,-0.352,0.07,77,136,-965,-22.4,0,0,0,3508,80.56,122.05,108.47,94.99,,0.00,0,,12122,
-10531,-0.336,0.06,99,135,-967,-18.6,1,0,0,,80.21,124.36,110.52,95.51,,0.00,0,,12122,
-10292,-0.323,0.05,80,130,-957,-30.9,1,0,0,,80.54,122.31,108.31,95.04,,0.00,0,,12121,
-10053,-0.313,-0.01,80,146,-958,-27.6,0,0,-1,,80.30,121.35,107.21,95.03,,0.00,0,,12121,
-9814,-0.325,-0.04,84,133,-959,-28.2,-2,0,1,,80.46,122.04,107.71,95.04,,0.00,0,,12121,
-9575,-0.331,-0.01,95,123,-976,-11.7,0,0,1,3509,80.42,122.86,108.33,95.18,,0.00,0,,12121,
-9336,-0.330,-0.00,89,134,-973,-13.8,0,0,0,,80.39,122.80,108.15,95.19,,0.00,0,,12121,
-9097,-0.331,0.02,86,147,-964,-21.1,-3,0,1,,80.37,120.68,105.96,94.90,,0.00,0,,12121,
-8859,-0.320,0.10,79,132,-963,-24.8,0,0,1,,80.56,121.28,106.34,94.89,,0.00,0,,12121,
-8620,-0.285,0.17,101,124,-973,-13.9,0,0,0,,80.15,122.28,107.07,95.24,,0.00,0,,12121,
-8381,-0.242,0.22,100,100,-983,-6.9,0,0,0,3510,80.44,122.98,107.64,95.19,,0.00,0,,12121,
-8142,-0.179,0.22,69,159,-948,-36.3,2,0,-1,,80.57,124.17,108.69,95.28,,0.00,0,,12121,
-7903,-0.142,0.06,84,144,-960,-25.6,3,0,0,,80.55,122.67,107.05,95.09,,0.00,0,,12121,
-7664,-0.147,-0.01,88,139,-959,-27.0,2,0,0,,80.63,124.67,108.82,95.31,,0.00,0,,12121,
-7425,-0.148,-0.01,92,124,-965,-22.7,3,0,0,,80.70,124.55,108.61,95.26,,0.00,0,,12121,
-7187,-0.151,-0.02,76,158,-967,-17.2,0,0,3,3511,80.45,120.61,104.45,94.85,,0.00,0,,12121,
-6948,-0.159,-0.02,87,126,-978,-10.1,1,0,0,,80.56,122.66,106.35,95.08,,0.00,0,,12121,
-6709,-0.159,0.02,78,158,-943,-40.7,4,0,-1,,80.40,123.43,106.96,95.27,,0.00,0,,12121,
-6470,-0.149,0.04,87,126,-960,-27.9,0,0,1,,80.55,125.22,108.51,95.43,,0.00,0,,12121,
-6231,-0.142,0.03,75,60,-994,-1.4,8,0,-1,,80.48,123.87,107.12,95.29,,0.00,0,,12121,
-5992,-0.135,0.03,77,113,-984,-6.5,1,0,0,3512,80.59,123.01,106.16,95.11,,0.00,0,,12121,
-5753,-0.127,0.04,77,112,-977,-13.6,1,0,0,,80.60,121.95,104.89,94.96,,0.00,0,,12121,
-5515,-0.117,0.08,85,102,-979,-12.0,0,0,0,,80.74,123.92,106.68,95.15,,0.00,0,,12121,
-5276,-0.089,0.10,96,143,-958,-26.6,0,0,1,,80.22,122.16,104.75,95.19,,0.00,0,,12121,
-5037,-0.069,0.14,63,163,-946,-38.0,-3,0,2,,80.33,122.27,104.66,95.15,,0.00,0,,12121,
-4798,-0.021,0.18,72,125,-978,-11.4,1,0,-2,3513,80.35,121.81,104.14,95.07,,0.00,0,,12121,
-4559,0.014,0.10,89,145,-961,-24.1,0,0,0,,80.18,121.04,103.06,95.05,,0.00,0,,12121,
-4320,0.028,0.02,76,138,-973,-14.3,0,0,1,,80.53,122.81,104.58,95.12,,0.00,0,,12121,
-4081,0.025,-0.01,90,160,-964,-18.7,-2,0,1,,80.32,122.58,104.09,95.20,,0.00,0,,12121,
-3842,0.025,0.01,90,111,-974,-15.6,-5,0,1,,80.53,125.09,106.38,95.43,,0.00,0,,12121,
-3604,0.031,0.05,76,125,-971,-18.0,-1,0,0,3513,80.41,122.24,103.37,95.10,,0.00,0,,12121,
-3365,0.052,0.12,72,141,-962,-25.1,1,0,0,,80.51,122.30,103.29,95.05,,0.00,0,,12121,
-3126,0.088,0.11,88,107,-983,-7.3,0,0,2,,80.29,124.53,105.44,95.49,,0.00,0,,12121,
-2887,0.102,0.04,89,120,-981,-7.7,1,0,0,,80.58,122.65,103.20,95.07,,0.00,0,,12121,
-2648,0.111,0.02,118,115,-966,-20.0,0,0,3,,80.53,121.97,102.38,95.00,,0.00,0,,12121,
-2409,0.110,-0.06,87,135,-974,-12.8,0,0,-2,3514,80.64,123.72,104.11,95.18,,0.00,0,,12121,
-2170,0.082,-0.11,75,116,-968,-22.2,0,0,1,,80.84,120.77,101.08,94.67,,0.00,0,,12121,
-1932,0.059,-0.06,77,133,-969,-18.9,-1,0,1,,80.78,121.44,101.48,94.79,,0.00,0,,12121,
-1693,0.053,-0.05,79,137,-975,-12.3,1,0,0,,80.76,123.18,103.04,95.04,,0.00,0,,12121,
-1454,0.037,-0.01,83,132,-968,-19.5,-1,0,1,,80.59,122.57,102.20,95.05,,0.00,0,,12121,
-1215,0.048,0.05,79,147,-970,-15.7,2,0,0,3515,80.39,121.04,100.54,94.94,,0.00,0,,12121,
-976,0.059,0.03,108,125,-978,-8.1,0,0,1,,80.55,123.21,102.51,95.16,,0.00,0,,12121,
-737,0.065,0.02,78,147,-973,-12.9,0,0,0,,80.45,123.23,102.49,95.22,,0.00,0,,12121,
-498,0.066,-0.00,85,115,-981,-8.6,1,0,0,,80.28,122.70,101.79,95.23,,0.00,0,,12121,
-260,0.065,0.12,93,115,-982,-6.9,0,0,-1,,80.56,123.36,102.29,95.18,,0.00,0,,12121,
-144,0.076,1.26,98,122,-975,-12.5,-3,0,3,3516,80.52,124.07,102.73,95.29,,0.00,0,,12121,
-96,0.098,2.78,86,136,-959,-27.6,0,0,0,,80.54,123.78,102.28,95.24,,0.00,0,,12121,
-48,0.126,4.26,85,127,-963,-24.9,-3,-1,3,,80.41,122.37,100.59,95.12,,0.00,0,,12121,
0,0.189,6.90,7,137,-952,-38.2,-7,2,-3,,80.44,124.51,102.66,95.40,,0.00,0,,12121,
48,0.493,8.56,224,347,-3992,3013.3,117,-7,-50,,73.40,110.04,91.71,95.62,,0.00,0,,12120,
96,1.112,10.85,375,645,-6165,5210.0,88,-11,-104,3516,75.19,107.89,92.74,94.50,,0.00,0,,12119,
144,1.661,13.39,259,408,-9661,8673.1,73,-8,-106,,77.99,105.28,95.63,93.14,,0.00,0,,12119,
192,2.679,16.48,494,844,-11236,10278.5,27,38,-35,,80.08,103.33,98.02,92.28,,0.00,0,,12117,
240,3.387,19.45,370,714,-11462,10490.2,20,-6,106,,80.64,106.62,98.13,92.67,,0.00,0,,12116,
288,4.233,22.47,355,207,-11144,10151.6,-6,-15,96,,81.41,111.01,96.40,93.07,,0.00,0,,12115,
336,5.328,27.30,130,462,-10111,9122.4,14,-40,5,3517,82.57,103.22,87.17,91.69,,0.00,0,,12113,
384,6.504,29.75,106,359,-6010,5021.6,0,-64,-50,,82.89,82.79,68.16,89.11,,0.00,0,,12112,
432,7.949,31.46,167,452,-5329,4350.7,-34,-64,-29,,81.36,63.24,50.18,86.12,,0.00,0,,12110,
480,9.653,32.94,297,374,-5048,4070.5,-68,-51,22,,78.16,57.39,44.67,83.65,,0.00,0,,12107,
528,12.002,34.74,360,197,-4880,3897.2,-85,-14,55,,74.33,62.28,47.60,82.78,,0.00,0,,12104,
576,14.194,37.37,305,-9,-4774,3783.7,-72,39,73,3518,71.49,72.29,54.88,84.46,,0.00,0,,12101,
624,15.633,39.05,83,1,-4689,3689.7,-27,59,71,,70.19,84.71,63.84,88.21,,0.00,0,,12099,
672,16.966,41.42,-36,-4,-4511,3511.1,15,52,43,,70.36,95.64,72.50,91.89,,0.00,0,,12097,
720,18.761,40.95,-41,10,-4409,3409.2,34,7,49,,72.04,102.24,77.55,93.75,,0.00,0,,12094,
768,20.824,40.36,-19,162,-4351,3354.1,45,-29,50,,74.54,104.47,76.82,93.82,,0.00,0,,12091,
816,22.962,42.94,104,256,-4302,3310.9,13,-39,83,3519,76.77,102.96,71.71,92.94,,0.00,0,,12088,
864,25.447,45.82,312,265,-4154,3174.1,-28,-31,119,,77.45,99.85,63.53,92.13,,0.00,0,,12084,
912,27.575,47.97,341,189,-4137,3155.3,-43,22,139,,76.06,104.19,61.69,93.39,,0.00,0,,12081,
960,29.728,49.08,198,140,-4143,3150.1,-20,50,148,,74.31,116.48,66.98,96.93,,0.00,0,,12078,
1008,32.104,50.03,-31,37,-4130,3130.3,-10,31,139,,73.03,127.34,71.05,100.20,,0.00,0,,12075,
1056,34.650,50.95,37,133,-4012,3014.4,-4,-31,148,3520,73.45,133.01,69.77,101.20,,0.00,0,,12071,
1109,37.381,52.46,142,124,-3948,2952.5,-16,-64,148,,75.34,131.72,60.81,99.70,,0.00,0,,12067,
1156,39.871,54.45,300,84,-3902,2914.4,-35,-48,140,,76.66,126.74,48.68,97.93,,0.00,0,,12064,
1204,42.432,55.97,191,-41,-3957,2961.8,-38,6,140,,76.58,126.37,41.44,97.91,,0.00,0,,12060,
1252,45.141,56.94,106,53,-3847,2848.8,9,32,130,,76.01,135.94,44.42,100.01,,0.00,0,,12056,
1300,47.849,58.98,124,163,-3861,2866.4,11,20,127,3520,76.24,149.05,51.21,101.77,,0.00,0,,12052,
1348,50.906,61.27,211,223,-3737,2749.6,-26,13,130,,76.41,155.39,51.49,102.34,,0.00,0,,12048,
1396,53.731,62.21,20,127,-3780,2782.2,-41,-4,98,,75.71,155.09,45.55,102.94,,0.00,0,,12044,
1444,56.698,62.83,242,171,-3622,2634.1,-2,-12,101,,76.00,154.41,39.82,102.60,,0.00,0,,12040,
1492,60.105,63.74,61,62,-3727,2728.0,0,15,115,,76.13,158.65,38.68,102.90,,179.37,0,,12035,
1546,63.830,63.60,53,96,-3606,2607.7,-1,-1,-1,3521,-0.01,-0.01,-0.01,0.00,,189.97,0,,12030,
1594,66.769,64.24,83,67,-3613,2614.6,-1,-1,-1,,-0.01,-0.01,-0.01,0.00,,196.33,0,,12025,
1642,69.698,64.29,249,13,-2374,1387.1,-1,-1,-1,,-0.01,-0.01,-0.01,0.00,,202.85,0,,12021,
1690,72.745,63.18,336,-37,-2003,1031.3,-3,-24,131,,79.13,167.56,21.92,100.61,,206.43,0,,12017,
1738,75.684,62.62,346,93,-1791,826.5,2,3,127,,79.61,175.22,23.53,100.35,,210.50,0,,12013,
1786,78.847,62.51,153,142,-616,-349.6,-12,8,125,3522,79.27,177.22,19.42,100.72,,215.70,0,,12008,
1834,81.793,62.11,-28,127,-455,-526.8,-27,3,142,,79.00,176.20,11.83,100.98,,218.12,0,,12004,
1882,84.695,61.80,-39,29,-480,-517.5,-22,-14,152,,79.57,175.21,3.63,100.39,,220.02,0,,12000,
1930,87.846,60.72,16,4,-473,-526.7,-2,-21,142,,80.86,179.29,0.58,99.14,,221.76,0,,11995,
1978,90.724,59.86,-61,69,333,-1345.5,99,-35,140,,82.20,-168.20,6.46,97.64,,222.30,0,,11991,
2026,93.653,60.01,-154,-104,344,-1391.0,-1393,453,131,3522,76.92,-120.57,49.10,96.61,,224.80,0,,11987,
2074,96.445,58.93,-47,96,934,-1940.1,-33,15,190,,74.91,-109.65,48.53,95.02,,227.46,0,,11983,
2122,98.983,57.72,-39,-121,859,-1868.4,-7,6,126,,75.53,-105.74,46.02,93.89,,226.81,0,,11980,
2170,101.891,56.89,23,-118,849,-1857.5,10,7,115,,75.21,-101.02,44.97,92.80,,227.10,0,,11975,
2218,104.812,56.06,38,0,835,-1835.9,5,13,100,,74.40,-97.75,43.08,92.08,,229.49,0,,11971,
2266,107.351,55.93,-44,-8,810,-1811.2,-12,15,107,3523,74.43,-95.54,40.13,91.48,,230.48,0,,11968,
2314,110.006,55.54,-31,-138,790,-1802.6,-18,4,115,,75.09,-92.31,37.77,90.59,,229.39,0,,11964,
2362,112.473,54.45,2,-107,776,-1783.3,0,6,105,,75.35,-87.92,36.77,89.47,,228.85,0,,11960,
2410,115.249,53.07,-9,-21,750,-1750.3,9,13,105,,74.92,-84.85,34.60,88.66,,229.65,0,,11957,
2458,117.916,52.58,-36,-44,742,-1744.2,-3,4,107,,74.83,-81.51,32.72,87.79,,230.80,0,,11953,
2506,120.378,52.39,-12,-95,718,-1724.4,-4,-6,112,3523,74.86,-75.68,33.16,86.30,,232.75,0,,11949,
2554,122.784,51.89,-4,-97,696,-1702.7,1,0,98,,74.74,-69.91,33.85,84.81,,232.90,0,,11946,
2602,125.087,50.51,25,-66,669,-1672.7,10,19,98,,74.48,-67.07,31.91,84.02,,230.91,0,,11943,
2650,127.644,49.62,-48,-6,655,-1656.8,5,18,97,,74.37,-66.28,27.83,83.78,,231.23,0,,11939,
2698,130.068,48.72,-52,-29,632,-1634.8,-5,2,80,,74.52,-63.49,26.20,83.16,,233.09,0,,11936,
2746,132.368,48.87,22,-94,628,-1635.4,-8,-3,82,3524,74.70,-58.64,27.19,82.11,,234.09,0,,11932,
2794,134.723,48.42,38,-55,604,-1607.7,5,2,87,,74.63,-54.58,27.16,81.16,,233.33,0,,11929,
2842,136.911,47.20,0,-67,593,-1596.8,7,16,95,,74.58,-52.36,24.87,80.65,,232.61,0,,11926,
2890,139.170,46.18,-32,-43,578,-1580.5,6,15,84,,74.72,-51.31,21.54,80.52,,231.82,0,,11923,
2938,141.497,45.31,-41,-40,566,-1568.9,1,8,87,,74.82,-49.00,19.52,80.11,,233.58,0,,11919,
2986,143.663,45.09,-65,6,558,-1561.8,0,-1,96,3524,74.80,-44.98,19.24,79.31,,235.30,0,,11916,
3034,145.847,44.72,-19,-60,529,-1532.7,-16,-6,92,,74.77,-38.36,21.43,78.11,,234.94,0,,11913,
3082,147.787,44.15,-3,-112,508,-1520.2,-8,1,91,,74.92,-31.67,23.74,77.21,,233.67,0,,11910,
3135,149.978,43.22,-6,-86,501,-1508.4,11,6,84,,74.98,-28.56,22.37,76.84,,232.31,0,,11907,
3182,152.220,42.27,-43,-13,477,-1479.1,16,13,75,,74.99,-28.37,18.73,76.83,,233.85,0,,11904,
3230,154.231,41.52,6,51,465,-1467.8,1,4,86,3525,75.03,-26.56,16.70,76.64,,235.25,0,,11901,
3278,156.337,41.32,-17,-11,455,-1455.5,-18,3,92,,75.33,-20.65,18.39,76.29,,235.86,0,,11898,
3326,158.241,41.11,-36,-76,435,-1443.1,-13,7,87,,75.70,-12.59,21.93,76.05,,235.61,0,,11896,
3374,160.084,40.45,-33,-64,435,-1440.9,0,4,84,,75.92,-7.56,22.92,76.04,,234.33,0,,11893,
3422,162.012,39.78,-3,-68,425,-1430.4,5,1,86,,75.95,-4.45,21.90,75.99,,234.28,0,,11890,
3470,163.816,38.82,12,0,416,-1416.2,10,0,81,3526,75.84,-2.41,19.92,75.85,,234.89,0,,11888,
3518,165.700,38.58,7,18,400,-1400.5,0,3,75,,75.79,0.28,18.80,75.79,,236.40,0,,11885,
3566,167.690,37.95,-2,20,386,-1386.5,-11,10,78,,76.08,5.27,20.10,76.14,,237.03,0,,11882,
3614,169.477,37.46,-34,3,375,-1376.6,-17,10,73,,76.38,12.37,23.71,76.70,,236.46,0,,11880,
3662,171.288,37.14,-16,-46,376,-1379.1,-18,0,70,,76.29,19.72,27.65,77.11,,236.53,0,,11877,
3710,173.037,36.31,-45,-60,362,-1369.7,-8,-5,70,3527,75.84,25.20,29.82,77.21,,236.67,0,,11875,
3758,174.677,35.49,-13,-44,360,-1362.9,3,-7,72,,75.48,28.21,29.32,77.23,,236.75,0,,11873,
3806,176.424,34.69,0,-32,342,-1343.5,10,-6,76,,75.28,29.82,27.20,77.26,,237.56,0,,11870,
3854,178.056,34.09,9,-39,340,-1342.3,7,-1,76,,75.29,31.65,25.33,77.52,,237.90,0,,11868,
3902,179.702,33.53,27,-7,331,-1332.2,5,4,67,,75.50,33.97,24.30,78.01,,237.90,0,,11865,
3950,181.270,32.92,10,-15,310,-1310.5,0,15,67,3527,75.93,38.17,25.23,78.98,,237.27,0,,11863,
3998,182.775,32.30,-6,-4,310,-1310.1,-2,17,64,,76.42,43.91,27.80,80.26,,236.29,0,,11861,
4046,184.413,31.81,-31,-5,301,-1302.6,-3,13,64,,76.76,49.78,30.64,81.49,,236.46,0,,11859,
4094,185.889,31.12,-39,2,284,-1286.7,-6,5,68,,76.79,55.04,32.82,82.48,,236.58,0,,11857,
4142,187.331,31.08,-42,4,281,-1284.1,-9,-4,60,,76.41,58.89,33.58,83.03,,236.24,0,,11855,
4190,188.833,30.72,-35,-18,269,-1271.9,-9,-10,58,3528,75.71,61.10,32.96,83.15,,236.38,0,,11853,
4237,190.214,30.10,-18,22,258,-1259.6,-4,-11,56,,75.04,62.33,31.41,83.11,,236.45,0,,11851,
4285,191.654,29.76,16,11,250,-1250.8,-8,-7,57,,74.44,63.91,30.27,83.22,,236.40,0,,11849,
4333,193.150,29.16,19,9,248,-1248.9,-13,2,62,,73.77,67.44,30.82,83.84,,237.06,0,,11847,
4381,194.544,28.72,8,-14,236,-1236.6,-14,13,73,,73.17,72.83,33.06,85.10,,237.77,0,,11845,
4429,195.951,28.18,5,-7,229,-1229.2,-9,19,68,3529,72.74,79.27,36.24,86.83,,238.32,0,,11843,
4477,197.265,27.51,-17,-14,222,-1223.1,-6,17,66,,72.45,85.45,39.36,88.63,,238.06,0,,11841,
4525,198.533,27.10,-34,-11,213,-1216.0,-2,9,64,,72.20,90.49,41.36,90.15,,238.24,0,,11839,
4573,199.829,26.51,-22,-8,209,-1210.3,-2,0,60,,72.01,94.02,41.93,91.24,,238.50,0,,11837,
4621,201.041,25.94,-14,0,200,-1200.5,-3,-5,59,,71.83,96.37,41.38,91.98,,238.25,0,,11836,
4669,202.239,25.63,5,0,201,-1201.1,-6,-5,54,3530,71.55,98.27,40.53,92.61,,238.11,0,,11834,
4717,203.515,25.13,-3,-9,192,-1192.2,-9,0,53,,71.11,100.38,40.00,93.34,,238.38,0,,11832,
4765,204.701,24.63,-1,11,180,-1180.3,-10,6,52,,70.52,103.20,40.33,94.37,,238.03,0,,11830,
4813,205.936,24.23,-19,1,180,-1181.0,-14,10,58,,69.73,106.44,41.02,95.63,,238.30,0,,11829,
4861,207.085,23.69,-7,4,179,-1179.2,-17,11,56,,68.68,109.83,41.72,97.08,,238.48,0,,11827,
4908,208.176,23.02,-20,13,176,-1177.6,-15,8,57,3531,67.63,112.90,42.07,98.52,,238.37,0,,11826,
4956,209.293,22.71,-7,-10,163,-1163.5,-12,3,55,,66.76,115.41,41.88,99.75,,238.87,0,,11824,
5004,210.321,22.03,1,0,161,-1161.0,-5,1,55,,66.24,117.81,41.62,100.83,,238.77,0,,11822,
5052,211.344,21.70,0,-8,157,-1157.2,-5,4,59,,65.85,120.59,41.71,102.02,,238.77,0,,11821,
5100,212.389,21.26,-14,12,148,-1149.1,-2,8,59,,65.48,123.97,42.34,103.41,,238.88,0,,11820,
5152,213.457,20.73,-12,23,145,-1147.3,-6,10,60,3532,64.93,127.40,42.89,104.91,,238.54,0,,11818,
5200,214.451,20.47,0,51,140,-1149.0,-14,8,59,,64.08,130.27,42.88,106.41,,238.47,0,,11817,
5248,215.447,20.02,-4,26,141,-1143.4,-24,8,60,,62.95,132.46,42.04,107.88,,238.52,0,,11815,
5296,216.393,19.55,3,14,141,-1141.7,-31,10,57,,61.36,134.26,40.60,109.54,,238.61,0,,11814,
5344,217.357,19.05,-8,-1,133,-1133.2,-32,11,54,,59.77,135.66,39.07,111.11,,238.80,0,,11813,
5392,218.264,18.49,-12,-13,130,-1131.2,-28,10,52,3533,58.29,137.11,37.74,112.65,,239.03,0,,11811,
5440,219.134,18.01,0,-18,118,-1119.4,-32,5,52,,56.98,138.52,36.36,114.10,,239.18,0,,11810,
5488,219.978,17.48,20,-30,117,-1122.4,-24,2,49,,55.80,139.58,34.66,115.34,,239.21,0,,11809,
5536,220.766,16.89,7,-28,98,-1102.2,8,11,50,,55.13,141.77,34.42,116.69,,239.09,0,,11808,
5584,221.577,16.42,8,-4,100,-1100.4,26,16,48,,55.01,146.06,36.66,118.41,,238.93,0,,11807,
5632,222.346,15.94,7,0,110,-1110.2,8,13,48,3534,54.70,150.08,38.68,120.06,,238.84,0,,11806,
5680,223.098,15.56,9,14,94,-1095.5,8,14,50,,54.08,153.08,39.49,121.54,,238.69,0,,11805,
5728,223.851,15.16,18,36,108,-1115.3,4,16,51,,53.41,156.59,40.83,123.16,,238.52,0,,11804,
5776,224.555,14.71,13,27,92,-1096.8,-5,17,53,,52.44,159.10,40.84,124.71,,238.41,0,,11803,
5824,225.269,14.32,9,29,83,-1088.4,-12,18,53,,51.30,161.36,40.48,126.33,,238.35,0,,11802,
5872,225.943,13.82,21,30,82,-1089.8,-19,18,53,3534,50.04,163.37,39.84,127.98,,238.42,0,,11801,
5920,226.590,13.60,30,8,83,-1088.6,-29,18,58,,48.66,164.97,38.33,129.64,,238.46,0,,11800,
5968,227.235,13.48,23,14,76,-1080.6,-19,25,59,,47.12,166.82,37.03,131.49,,238.50,0,,11799,
6016,227.838,13.39,23,6,80,-1083.5,-17,30,57,,45.35,168.97,36.15,133.61,,238.52,0,,11798,
6064,228.400,13.24,10,5,71,-1071.9,-15,34,57,,43.46,171.21,35.39,135.83,,238.40,0,,11797,
6112,229.064,12.62,11,-4,75,-1075.9,-15,34,56,3535,41.51,173.51,34.69,138.08,,,,,,
6160,229.709,12.17,5,0,68,-1068.2,-12,33,55,,39.62,175.71,33.98,140.19,,,,,,
6208,230.403,12.40,-15,-83,-433,-558.9,-28,15,57,,38.08,177.59,32.75,141.86,,,,,,
6256,231.034,13.54,672,-1063,-754,466.3,-548,615,353,,21.97,-171.58,38.93,156.55,,,,,,
6304,231.469,14.87,-107,109,416,-1443.2,-512,-157,47,,29.58,-171.87,32.57,149.42,,,,,,
6352,231.911,16.08,-178,-118,791,-1819.3,316,66,17,3536,27.70,-172.81,28.73,151.45,,,,,,
6400,232.547,16.89,-280,-122,1000,-2045.6,-42,-42,-147,,25.04,-171.68,32.92,153.70,,,,,,
6448,233.543,17.43,-29,-18,403,-1404.4,-36,-96,-204,,28.74,178.46,30.94,151.22,,,,,,
6496,234.698,17.29,61,-14,426,-1430.6,-27,-100,-200,,33.11,167.36,28.43,144.82,,,,,,
6544,235.836,15.21,119,-25,182,-1218.9,-69,-123,-200,,37.11,155.04,23.58,136.30,,,,,,
6592,236.910,12.43,176,-35,241,-1300.5,28,-124,-215,3536,41.51,142.07,19.00,126.20,,,,,,
6640,237.786,9.30,1719,452,-26,777.6,14,-177,-346,,46.78,125.10,12.94,113.19,,,,,,
6688,238.386,7.31,407,216,166,-1489.8,73,-204,-230,,52.24,100.17,0.90,96.21,,,,,,
6735,238.083,7.19,539,541,66,-1766.5,170,-238,-188,,57.48,75.12,-312.68,82.06,,,,,,
6783,237.547,5.67,373,1072,-29,135.4,285,-267,-185,,59.67,40.24,312.22,67.33,,,,,,
6831,237.165,3.38,869,897,128,-2255.4,391,-377,-174,3536,51.65,1.27,275.74,51.66,,,,,,
6879,237.245,0.72,97,676,182,-1706.8,521,-341,-151,,29.72,-22.47,251.35,36.63,,,,,,
6927,238.302,0.15,82,328,248,-1419.3,546,-248,-112,,5.00,-33.49,234.48,33.82,,,,,,
6975,238.927,0.84,-22,144,224,-1267.2,543,-194,-74,,-18.88,-35.67,218.97,39.76,,,,,,
7023,238.982,1.59,-161,15,224,-723.7,549,-156,-35,,-40.55,-27.46,198.26,47.60,,,,,,
7071,238.681,1.45,-119,-383,320,-486.9,485,-152,64,3537,-54.25,-1.75,164.81,54.27,,,,,,
7123,238.256,-1.23,-229,-1475,333,529.4,401,-110,401,,-54.96,43.73,122.84,65.49,,,,,,
7171,237.990,-2.95,111,-1020,-970,412.0,557,-214,649,,-56.35,94.15,90.35,92.30,,,,,,
7219,237.857,-3.29,-46,-11,84,-903.6,-371,136,201,,-74.69,114.43,81.62,96.27,,,,,,
7267,237.758,-2.81,-54,4,37,-934.4,53,115,65,,-82.10,117.65,87.41,93.66,,,,,,
7315,237.722,-2.31,-292,-147,324,-539.7,-296,211,-75,3537,-88.00,-164.72,-295.71,91.93,,,,,,
7363,237.726,-2.50,-343,-139,212,-573.5,-278,141,-140,,-77.19,-71.96,261.79,86.06,,,,,,
7411,237.687,-3.12,-272,-183,335,-531.3,-291,202,-212,,-61.09,-70.06,250.51,80.51,,,,,,
7459,237.610,-3.60,-234,-199,342,-540.3,-286,202,-252,,-44.71,-74.17,241.50,78.82,,,,,,
7507,237.445,-3.91,-146,-179,214,-685.1,-266,159,-221,,-30.00,-81.10,234.25,82.30,,,,,,
7555,237.098,-3.96,-78,-118,84,-835.5,-229,126,-127,3537,-17.87,-86.57,228.09,86.73,,,,,,
7603,236.686,-3.54,-6,-113,17,-885.6,-194,109,-19,,-7.76,-88.36,222.71,88.37,,,,,,
7651,236.378,-2.23,-41,-34,-20,-943.1,-158,112,68,,0.93,-86.30,217.74,86.30,,,,,,
7699,236.175,-1.13,-19,-22,-57,-936.0,-107,129,132,,7.94,-81.39,212.55,81.47,,,,,,
7747,236.139,-0.38,-11,-47,-62,-921.4,-55,134,174,,13.67,-74.92,207.00,75.36,,,,,,
7795,236.236,-0.54,-112,-162,-114,-772.4,45,105,213,3538,16.39,-66.99,201.20,67.97,,,,,,
7843,236.647,-2.07,-95,-176,-38,-796.4,174,12,195,,12.23,-58.05,195.88,58.86,,,,,,
7891,237.011,-3.51,-124,-226,30,-740.5,211,-80,155,,3.14,-50.92,191.97,50.99,,,,,,
7939,237.043,-5.07,-130,-470,62,-508.4,221,-176,111,,-9.05,-44.83,189.51,45.54,,,,,,
7987,236.652,-6.53,-438,-418,138,-379.0,214,-230,50,,-23.54,-41.03,188.39,46.24,,,,,,
8035,235.754,-8.06,-278,-604,176,-312.2,210,-269,13,3538,-38.99,-40.32,188.88,53.66,,,,,,
8083,234.924,-9.24,-426,-464,275,-312.7,197,-276,-31,,-55.07,-42.25,190.47,64.92,,,,,,
8131,234.210,-9.44,-336,-433,371,-338.2,261,-293,-44,,-72.13,-48.81,195.42,78.34,,,,,,
8179,233.663,-8.61,-250,-333,402,-421.2,252,-264,-82,,-87.78,-147.24,291.22,91.87,,,,,,
8227,233.358,-6.40,-153,-274,907,-40.2,348,-255,-96,,-71.72,136.60,3.34,103.17,,,,,,
8275,233.280,-4.47,57,5,569,-428.1,298,-211,-159,3539,-53.35,127.18,6.55,111.14,,,,,,
8323,233.277,-3.77,115,133,435,-530.8,254,-124,-194,,-38.37,118.09,7.35,111.66,,,,,,
8371,233.305,-3.74,126,245,244,-632.0,207,-54,-195,,-27.19,108.41,8.06,106.31,,,,,,
8419,233.356,-3.61,156,464,328,-410.7,139,6,-175,,-19.19,99.27,9.05,98.75,,,,,,
8467,233.297,-3.29,72,521,312,-388.5,49,45,-153,,-15.48,91.24,10.98,91.19,,,,,,
8515,232.909,-3.47,86,618,370,-274.6,-43,77,-144,3540,-15.87,83.55,14.18,83.80,,,,,,
8563,232.325,-3.99,22,536,234,-414.7,-77,86,-166,,-18.66,75.25,18.68,76.04,,,,,,
8611,231.977,-4.98,-190,497,322,-378.1,-120,88,-223,,-22.32,63.96,24.45,66.04,,,,,,
8659,231.959,-5.43,-369,403,439,-299.1,-145,76,-273,,-26.09,48.93,31.86,53.84,,,,,,
8707,231.904,-5.07,-541,280,405,-268.5,-149,27,-325,,-29.51,30.33,39.88,41.31,,,,,,
8755,231.750,-4.57,-595,23,417,-273.1,-137,5,-337,3541,-31.59,9.67,47.96,32.89,,,,,,
8803,231.417,-5.53,-636,-148,351,-258.6,-105,20,-297,,-31.03,-9.71,54.96,32.37,,,,,,
8851,231.177,-7.51,-236,-597,303,-290.1,-101,61,-201,,-27.69,-24.26,59.41,36.17,,,,,,
8899,231.006,-9.02,-211,-869,432,-6.9,-164,39,-159,,-18.73,-36.13,67.11,40.10,,,,,,
8947,230.690,-9.48,-111,-1224,568,353.9,-134,-46,53,,-16.72,-42.24,72.45,44.84,,,,,,
8995,229.935,-9.08,-476,-772,257,-57.3,-172,-30,129,3542,-12.68,-40.39,80.04,42.01,,,,,,
9043,229.085,-9.01,-612,-658,137,-91.0,-128,66,175,,-7.29,-33.94,85.51,34.62,,,,,,
9091,228.389,-10.06,-770,-376,96,-137.7,-71,112,177,,-1.20,-25.64,87.45,25.67,,,,,,
9143,228.015,-11.70,-616,-403,126,-253.2,-29,126,109,,4.90,-19.10,87.21,19.70,,,,,,
9191,227.861,-12.26,-541,-338,100,-354.3,-5,107,-1,,10.06,-17.25,86.16,19.89,,,,,,
9239,227.630,-12.56,-500,-300,84,-410.9,10,79,-91,3544,13.80,-20.36,84.50,24.43,,,,,,
9287,227.075,-13.02,-515,-321,96,-385.6,28,42,-144,,15.61,-26.94,82.38,30.84,,,,,,
9335,226.218,-14.31,-461,-488,84,-323.4,74,4,-153,,14.61,-35.97,79.44,38.45,,,,,,
9383,225.242,-16.54,-484,-490,129,-299.3,133,-30,-119,,10.24,-43.49,75.81,44.44,,,,,,
9431,224.300,-18.21,-374,-622,160,-256.8,187,-50,-66,,2.56,-48.40,71.91,48.45,,,,,,
9479,223.370,-17.86,-398,-587,210,-260.4,222,-59,-40,3545,-7.31,-50.74,67.37,51.12,,,,,,
9527,222.479,-15.82,-398,-583,279,-241.0,233,-65,-41,,-18.22,-51.87,62.73,54.09,,,,,,
9575,221.464,-12.02,-399,-569,325,-232.8,234,-65,-61,,-29.03,-52.81,58.11,58.09,,,,,,
9622,220.492,-6.73,-376,-569,397,-210.9,217,-61,-104,,-39.17,-54.38,53.43,63.16,,,,,,
9670,220.044,-2.10,-354,-619,397,-183.9,169,-50,-163,,-47.89,-58.12,49.43,69.26,,,,,,
9718,219.973,0.87,54,-788,449,-91.5,69,-99,-222,3546,-53.91,-68.89,50.87,77.75,,,,,,
9766,220.313,2.44,161,-634,444,-209.4,24,-139,-253,,-56.65,-88.85,60.78,89.37,,,,,,
9814,221.593,-0.60,-84,-643,587,-125.3,4,-157,-256,,-55.62,-111.31,73.00,101.84,,,,,,
9862,222.641,-5.08,157,-769,692,46.4,-1,-169,-205,,-51.27,-131.26,84.04,114.37,,,,,,
9910,223.020,-8.57,536,-725,722,155.1,-6,-141,-128,,-45.33,-144.10,90.92,124.71,,,,,,
9958,222.916,-12.22,800,-416,590,77.6,-26,-111,-68,3547,-39.59,-151.11,94.57,132.43,,,,,,
10006,220.823,-17.50,1038,-476,207,160.5,45,-199,-207,,-32.64,-156.87,97.06,140.75,,,,,,
10054,218.382,-22.74,392,-198,-141,-538.8,214,-328,-670,,-19.57,174.87,110.76,159.79,,,,,,
10102,216.777,-25.30,-137,889,1810,1021.2,-210,-163,-997,,-12.34,132.95,104.63,131.73,,,,,,
10150,215.486,-27.02,-116,111,148,-781.6,715,-150,-632,,1.82,103.60,102.21,103.59,,,,,,
10198,214.486,-24.07,-23,2912,513,1956.9,-8,75,-393,3548,10.63,85.64,104.76,85.71,,,,,,
10245,213.580,-19.27,-244,1034,221,85.1,-276,-21,-349,,7.13,67.76,106.78,67.94,,,,,,
10293,212.905,-15.62,-447,1368,817,654.9,-480,-223,-174,,-11.77,55.75,110.27,56.57,,,,,,
10341,212.311,-12.64,-341,941,1500,803.3,-462,-143,148,,-39.84,50.48,117.35,60.75,,,,,,
10389,211.678,-10.36,-440,-32,6120,5135.9,-1347,-209,165,,-72.74,-42.53,228.34,77.37,,,,,,
10437,211.236,-8.25,-237,-1566,1704,1326.4,-378,113,-69,3549,-36.99,-74.03,266.60,77.30,,,,,,
10485,210.894,-6.61,54,-686,2804,1887.2,476,400,167,,-38.63,-69.24,250.87,73.92,,,,,,
10533,210.696,-5.67,-517,248,2684,1744.6,500,341,110,,-47.71,-31.80,207.73,55.12,,,,,,
10581,210.567,-5.45,-584,94,1583,689.9,187,203,140,,-42.23,-5.53,178.58,42.52,,,,,,
10629,210.457,-5.88,-316,242,667,-223.3,-97,38,128,,-38.64,-1.51,179.31,38.66,,,,,,
10677,210.360,-6.08,-378,367,905,47.2,-224,16,155,3550,-37.83,-0.53,189.26,37.83,,,,,,
10725,210.214,-6.17,-474,404,1558,677.9,-311,5,211,,-37.63,-1.58,205.80,37.66,,,,,,
10773,209.703,-6.58,-471,208,982,108.8,-291,-1,282,,-37.71,-0.72,224.67,37.72,,,,,,
10821,209.044,-7.21,-453,-80,576,-262.9,-85,-11,312,,-38.25,5.80,237.16,38.62,,,,,,
10869,208.575,-8.01,-776,-115,988,261.6,139,-208,67,,-42.85,19.46,233.92,46.27,,,,,,
10916,208.298,-8.65,-453,13,1258,337.1,314,-361,-71,3551,-50.14,36.98,209.50,59.20,,,,,,
10964,208.022,-8.44,-374,246,2610,1648.1,400,-363,-135,,-49.16,61.18,171.51,71.62,,,,,,
11012,207.668,-7.29,-177,377,1487,544.2,437,-244,-89,,-36.22,75.42,143.37,78.28,,,,,,
11060,207.255,-6.42,-41,417,1069,148.2,218,-23,-107,,-22.25,76.38,133.30,77.41,,,,,,
11108,206.808,-6.19,-322,665,985,231.3,-63,108,-184,,-18.77,67.20,135.50,68.47,,,,,,
11159,206.483,-6.91,-172,481,617,-199.0,-264,53,-63,3551,-25.75,58.36,144.13,61.80,,,,,,
11207,206.270,-7.66,-124,252,41,-716.2,-220,18,3,,-34.82,53.43,152.90,60.72,,,,,,
11255,206.091,-7.00,-143,169,227,-682.9,-151,5,25,,-41.67,50.06,160.07,61.34,,,,,,
11303,205.902,-5.91,-169,158,9,-768.5,-94,17,-6,,-45.29,46.74,165.95,61.17,,,,,,
11351,205.402,-5.35,-212,123,8,-754.8,-58,30,-51,,-46.54,41.64,170.93,59.07,,,,,,
11399,204.723,-5.81,-231,105,85,-732.4,-25,42,-84,3552,-46.00,35.22,174.80,55.42,,,,,,
11447,204.502,-7.34,-503,417,1038,226.5,17,28,-49,,-44.19,30.23,176.73,51.72,,,,,,
11495,204.509,-8.31,-775,831,2764,1988.5,-572,-697,483,,-71.73,52.43,169.60,78.98,,,,,,
11543,204.419,-8.10,1185,-730,3682,2936.3,-912,-267,250,,-59.51,-118.01,-298.96,103.78,,,,,,
11591,204.078,-6.76,179,-731,815,109.3,-548,29,242,,-23.80,-100.27,-308.98,99.39,,,,,,
11639,203.346,-6.17,-398,-1276,917,620.9,-124,4,-274,3553,-14.49,-98.11,-313.63,97.85,,,,,,
11686,202.725,-6.29,10,-802,693,60.0,202,53,-98,,-14.23,-103.18,-315.97,102.77,,,,,,
11734,202.304,-5.86,127,-250,668,-275.5,956,174,-87,,-40.77,-109.53,-313.51,104.66,,,,,,
11782,202.125,-5.25,418,764,1099,402.2,325,285,-214,,-68.74,-141.07,15.13,106.38,,,,,,
11830,202.035,-4.43,89,-315,268,-577.0,387,103,-295,,-78.64,173.60,50.45,101.29,,,,,,
11878,201.976,-4.50,-10,218,245,-671.9,269,0,-411,3554,-70.52,114.19,94.50,97.85,,,,,,
11926,202.072,-5.47,-132,490,1220,321.3,18,-43,-399,,-62.61,89.22,100.46,89.64,,,,,,
11974,202.103,-6.57,80,173,362,-590.9,-26,-189,-456,,-64.29,80.60,86.60,85.94,,,,,,
12022,201.849,-7.56,-83,543,1117,244.8,176,-355,-295,,-65.38,89.58,57.06,89.82,,,,,,
12070,201.159,-8.25,-12,629,783,4.4,10,-234,-331,,-61.85,102.04,27.43,95.65,,,,,,
12118,200.286,-8.97,-172,649,515,-153.8,-49,-91,-374,3555,-60.92,97.33,12.80,93.55,,,,,,
12166,199.616,-9.65,-259,594,751,-8.1,-118,-35,-348,,-64.51,84.05,7.91,87.44,,,,,,
12214,199.099,-10.00,-335,552,1221,381.2,-232,-55,-243,,-72.62,68.33,9.34,83.67,,,,,,
12261,198.721,-9.57,-186,338,1515,563.4,-406,-59,-129,,-85.09,10.43,58.96,85.17,,,,,,
12309,198.484,-8.72,50,24,1360,361.1,-344,-3,-70,,-75.26,-84.36,149.93,88.57,,,,,,
12357,198.282,-8.10,-14,-3,1061,61.1,-161,43,-11,3556,-65.18,-85.96,149.60,88.30,,,,,,
12405,197.940,-7.78,-87,-16,1008,11.9,-124,103,61,,-57.85,-78.55,142.57,83.94,,,,,,
12645,195.723,-7.86,-196,-20,786,-189.7,-78,100,154,,-52.30,-67.78,136.11,76.63,,,,,,
12885,194.275,-6.51,-288,-23,764,-183.2,-32,37,264,,-48.64,-54.91,132.78,67.67,,,,,,
13127,192.545,-6.37,-202,121,875,-93.9,54,-92,375,,-50.46,-39.23,133.28,60.45,,,,,,
13367,191.113,-7.46,-211,190,1391,419.7,77,-283,389,3557,-66.94,-8.11,139.49,67.18,,,,,,
13606,189.063,-6.86,9,-125,1114,121.0,21,-97,432,,-73.96,-50.56,290.32,79.89,,,,,,
13846,187.894,-6.58,-142,73,1042,54.2,129,0,535,,-78.23,94.81,262.61,90.98,,,,,,
14085,185.896,-7.01,135,151,839,-136.9,-2,82,433,,-66.61,-160.95,273.40,112.04,,,,,,
14325,184.568,-6.44,258,60,910,-52.2,-72,51,83,,-77.84,154.17,29.84,100.93,,,,,,
14565,182.543,-9.18,119,-16,774,-216.7,56,-19,-361,3558,-77.13,-130.61,279.35,98.34,,,,,,
14804,180.411,-7.17,-64,291,1357,389.3,-28,28,-288,,-79.07,44.42,33.79,82.22,,,,,,
15044,179.171,-4.93,-206,56,1182,201.1,-74,11,-334,,-77.41,-66.55,68.86,85.02,,,,,,
15287,177.785,-6.98,124,-156,1008,27.5,-11,8,-206,,-62.04,-162.58,95.08,116.57,,,,,,
15526,175.933,-8.08,348,103,918,-12.9,78,-29,2,,-56.14,151.27,116.05,119.25,,,,,,
15766,173.901,-7.90,286,-51,869,-83.7,37,39,241,3559,-63.73,178.85,125.66,116.27,,,,,,
16005,172.170,-6.61,-164,-245,899,-53.9,-81,100,206,,-66.55,-114.04,116.01,99.33,,,,,,
16245,170.715,-7.01,-237,-219,953,6.2,28,-15,14,,-74.29,-76.78,105.37,86.45,,,,,,
16485,168.691,-7.90,-140,-242,1041,77.9,53,-8,12,,-79.18,-96.79,123.49,91.27,,,,,,
16725,167.101,-6.74,-169,-158,1119,142.7,-55,-54,49,,-79.97,-110.10,146.84,93.43,,,,,,
16965,165.287,-7.42,-147,-144,1180,197.8,-30,-77,85,3559,-68.34,-127.97,189.24,103.13,,,,,,
17208,163.589,-6.40,-82,-231,851,-114.4,94,6,111,,-64.50,-117.99,202.82,101.66,,,,,,
17448,162.330,-5.13,-161,37,985,-1.2,-57,54,72,,-86.48,-27.05,141.49,86.86,,,,,,
17688,160.942,-7.58,-165,-273,1152,195.3,118,8,-45,,-74.53,-66.28,179.44,83.84,,,,,,
17928,158.902,-8.20,-257,81,1121,152.9,-43,-1,-15,,-67.16,36.87,74.14,71.91,,,,,,
18169,157.051,-7.08,-206,-4,1090,109.3,187,27,78,3559,-66.06,51.99,65.84,75.53,,,,,,
18409,155.481,-4.87,-325,154,942,8.3,-40,-25,-17,,-52.10,67.20,53.74,76.23,,,,,,
18649,154.528,-6.29,-244,148,806,-145.0,20,-25,-20,,-59.04,72.30,40.29,81.00,,,,,,
18889,152.518,-7.44,-265,125,1411,441.1,-246,-27,-106,,-76.16,-2.14,100.37,76.17,,,,,,
19134,150.706,-7.36,-225,-84,973,2.2,97,66,-73,,-71.75,-42.03,124.94,76.55,,,,,,
19372,149.028,-7.36,-123,-238,1127,158.4,-14,-135,-135,3560,-70.73,-105.42,155.04,95.03,,,,,,
19612,147.065,-7.67,-96,-144,948,-36.3,13,-9,0,,-77.74,-108.92,161.50,93.95,,,,,,
19852,145.409,-7.08,100,-260,1112,146.4,58,61,131,,-76.17,-92.56,151.42,90.61,,,,,,
20093,143.596,-6.90,-95,-144,897,-86.6,-45,-92,42,,-82.57,-141.17,221.99,95.78,,,,,,
20333,142.119,-6.74,-152,-207,1083,113.0,91,97,121,,-79.08,-56.84,160.17,84.05,,,,,,
20573,140.325,-7.15,-233,13,858,-110.8,-73,0,33,3560,-72.71,22.59,98.02,74.07,,,,,,
20813,138.707,-6.90,-225,-88,1005,33.6,70,-20,8,,-77.92,-12.71,136.74,78.22,,,,,,
21054,137.003,-6.88,-189,-65,1020,39.4,-111,-48,6,,-81.87,-53.88,178.36,85.22,,,,,,
21297,135.407,-6.82,-179,-63,1127,142.9,51,-14,92,,-81.08,-64.53,204.78,86.18,,,,,,
21537,133.683,-7.07,-217,-68,887,-84.3,-34,-26,39,,-79.30,-43.82,203.74,82.30,,,,,,
21777,132.073,-6.67,-143,-68,1029,41.1,35,29,61,3560,-83.27,-60.46,227.06,86.69,,,,,,
22018,130.489,-6.55,-198,-37,1002,22.0,-38,-48,8,,-81.85,-29.03,205.45,82.88,,,,,,
22258,128.892,-6.67,-137,-118,1107,121.7,61,54,120,,-81.65,-48.73,238.29,84.50,,,,,,
22498,127.312,-6.73,-215,58,1072,94.9,-51,-8,-5,,-75.94,26.41,178.89,77.43,,,,,,
22738,125.675,-5.95,-163,-85,1007,23.6,69,34,-3,,-78.20,-18.22,219.57,78.80,,,,,,
22979,124.400,-5.93,-231,69,820,-145.3,-23,-12,3,3560,-71.20,25.92,174.27,73.15,,,,,,
23222,122.767,-7.28,-163,-143,963,-12.9,-44,-3,59,,-76.45,-63.86,268.74,84.07,,,,,,
23462,120.883,-7.91,-250,41,944,-22.6,5,-16,20,,-75.51,9.41,208.53,75.71,,,,,,
23702,119.057,-6.95,-214,-234,962,12.9,-37,-76,30,,-69.74,-101.72,321.56,94.03,,,,,,
23943,117.518,-6.19,-174,-140,1012,36.3,4,38,40,,-75.37,-95.91,-327.02,91.49,,,,,,
24183,116.070,-5.46,-171,-186,1076,105.3,61,-55,31,3561,-78.09,-107.44,-310.61,93.55,,,,,,
24423,114.815,-7.21,-162,-80,1078,93.0,15,89,181,,-82.55,-21.43,289.79,83.07,,,,,,
24663,112.658,-7.63,-277,118,1121,160.7,64,-16,47,,-67.61,52.54,243.10,76.60,,,,,,
24904,111.109,-6.73,-297,68,1001,46.3,74,-22,-84,,-65.21,48.88,239.65,73.99,,,,,,
25146,109.427,-6.67,-347,236,1132,207.3,-7,-12,-102,,-54.03,50.80,210.09,68.21,,,,,,
25387,107.798,-6.92,-214,28,1069,90.6,12,-44,-17,3561,-72.73,37.48,205.06,76.37,,,,,,
25627,106.216,-5.52,-294,41,1188,224.5,-42,18,21,,-74.90,22.04,226.26,76.03,,,,,,
25867,104.954,-6.66,-230,53,1041,67.4,53,-20,-91,,-77.09,28.33,209.62,78.66,,,,,,
26107,103.102,-7.03,-273,39,767,-184.9,45,0,-92,,-69.96,27.59,188.07,72.32,,,,,,
26347,101.541,-7.78,-73,-8,1122,124.4,23,50,-64,,-80.49,24.06,159.05,81.32,,,,,,
26587,99.503,-7.84,-367,59,926,-2.2,101,-54,-55,3561,-58.41,31.07,144.97,63.34,,,,,,
26827,97.768,-6.41,-191,60,963,-16.4,-32,-44,-134,,-69.83,38.39,104.97,74.32,,,,,,
27067,96.467,-6.02,-322,31,1030,79.6,113,13,-47,,-63.01,32.87,92.41,67.59,,,,,,
27311,94.803,-6.55,-213,100,1359,379.2,-121,-205,-118,,-80.98,62.42,38.44,85.84,,,,,,
27551,93.302,-7.13,-199,-41,1251,267.4,47,57,123,,-82.35,-113.53,222.75,93.05,,,,,,
27791,91.419,-6.38,-135,-76,1051,62.4,-88,-81,-45,3562,-73.75,-124.80,240.13,99.19,,,,,,
28031,90.290,-4.76,-117,-106,973,-14.3,53,40,-17,,-74.38,-131.99,244.58,100.38,,,,,,
28271,88.920,-7.66,17,-125,1009,16.9,-32,3,-67,,-78.33,-133.76,228.31,98.04,,,,,,
28511,86.823,-7.10,-38,-80,1113,116.5,58,10,65,,-85.46,-131.16,227.84,92.99,,,,,,
28751,85.446,-6.00,-156,-116,1104,121.0,-79,-56,89,,-82.42,-78.34,196.42,88.47,,,,,,
28991,83.884,-6.48,-73,-261,991,27.4,-12,-48,185,3562,-63.92,-121.97,269.89,103.46,,,,,,
29234,82.389,-5.73,-212,-121,1174,199.1,98,66,136,,-73.85,-50.19,240.32,79.74,,,,,,
29474,81.071,-6.00,-304,137,988,42.8,25,-43,-29,,-65.00,43.80,156.45,72.24,,,,,,
29714,79.271,-8.55,-296,76,988,34.2,85,0,-66,,-66.37,43.85,141.86,73.20,,,,,,
29954,77.208,-6.58,-320,189,1213,268.7,34,-31,-130,,-54.73,47.45,107.06,67.01,,,,,,
30195,75.970,-6.09,-350,117,1119,178.3,57,31,-1,3563,-55.41,40.17,95.09,64.29,,,,,,
30434,74.256,-7.87,-354,277,848,-40.2,-100,-73,-53,,-59.51,37.88,89.93,66.39,,,,,,
30674,72.219,-7.56,-245,-25,1185,210.3,-85,-63,6,,-80.32,-82.86,205.04,88.80,,,,,,
30914,70.868,-4.74,-235,-129,1013,47.9,-17,-40,-67,,-69.50,-114.11,231.54,98.22,,,,,,
31157,69.628,-6.38,-10,-130,946,-45.1,44,-10,-25,,-66.62,-154.13,257.16,110.92,,,,,,
31398,68.061,-6.36,71,-102,1212,218.4,-14,-51,4,3563,-66.13,-158.60,262.85,112.13,,,,,,
31638,66.525,-6.57,356,-41,767,-153.4,74,-59,168,,-55.66,-168.82,294.78,123.60,,,,,,
31878,64.825,-6.27,-164,-210,1034,67.8,140,157,270,,-71.89,-89.53,273.99,89.85,,,,,,
32118,63.595,-5.16,-211,94,1257,278.0,-61,22,-45,,-76.62,31.48,173.31,78.62,,,,,,
32358,62.219,-5.10,-244,-59,1093,121.5,19,-58,-147,,-77.68,-33.39,216.46,79.74,,,,,,
32598,61.101,-6.94,4,-94,963,-32.4,-21,-126,-46,3564,-76.61,-146.41,303.76,101.12,,,,,,
32838,58.972,-7.68,171,-98,786,-189.7,77,1,325,,-63.52,-150.72,-311.09,112.89,,,,,,
33078,57.400,-7.82,-291,22,1300,332.4,-16,49,257,,-74.72,-54.04,-327.49,81.10,,,,,,
33321,55.275,-6.72,-435,-157,671,-185.1,-51,-61,-93,,-58.87,-71.09,8.38,80.35,,,,,,
33561,54.104,-5.46,-177,-79,1210,225.4,184,121,-90,,-83.78,-43.45,309.67,85.49,,,,,,
33801,52.688,-6.10,-120,-150,1001,19.3,-53,-156,-51,3564,-83.68,-71.55,315.81,88.00,,,,,,
34042,51.067,-6.95,-112,84,1061,70.2,175,53,311,,-79.84,92.82,194.20,90.50,,,,,,
34282,49.469,-5.56,-273,134,1162,201.1,-127,95,73,,-77.33,64.83,274.94,84.65,,,,,,
34522,48.368,-4.19,-119,53,1151,158.3,77,32,-44,,-83.30,39.81,292.82,84.86,,,,,,
34762,47.416,-2.44,-308,-26,1020,65.8,-57,-117,-120,,-75.86,-16.77,-322.92,76.47,,,,,,
35002,47.174,-5.55,-94,9,901,-94.1,25,64,96,3564,-87.50,-17.93,-324.01,87.62,,,,,,
35246,44.630,-8.38,-246,8,1109,136.0,42,49,25,,-72.34,16.55,313.55,73.09,,,,,,
35486,43.593,-5.22,-348,79,1266,315.3,91,6,-63,,-61.34,33.84,289.93,66.52,,,,,,
35726,41.717,-7.33,-417,61,634,-238.7,142,-15,-64,,-41.98,52.41,243.75,63.03,,,,,,
35966,40.391,-4.45,-410,347,971,109.7,-130,-152,-76,,-50.39,39.93,236.77,60.73,,,,,,
36206,39.321,-5.94,-78,-416,866,-36.1,-23,21,28,3565,-66.66,-68.16,-316.38,81.52,,,,,,
36446,37.620,-5.96,-59,-213,634,-328.6,31,-88,-132,,-76.86,-94.76,-307.45,91.08,,,,,,
36686,36.422,-6.21,210,-122,1109,135.3,82,33,242,,-80.88,-144.44,50.56,97.41,,,,,,
36926,34.777,-5.61,-196,-238,1185,224.5,-27,3,99,,-78.74,-82.90,35.17,88.62,,,,,,
37169,33.697,-4.36,-76,-179,981,0.1,89,92,62,,-83.23,-13.93,-319.65,83.43,,,,,,
37409,32.647,-5.10,-320,98,1041,93.5,-17,-10,-40,3565,-58.13,37.17,295.43,65.12,,,,,,
37649,31.199,-5.84,-168,48,1047,61.5,-12,-58,-57,,-69.33,20.80,294.96,70.73,,,,,,
37889,29.920,-5.24,-196,50,1030,49.7,-143,-49,-19,,-80.27,-15.52,325.99,80.63,,,,,,
38129,28.591,-6.26,-314,-104,801,-133.4,16,-47,-56,,-66.55,-75.85,25.28,84.42,,,,,,
38369,26.966,-6.17,-52,-146,1022,33.7,17,-91,-19,,-68.80,-152.05,88.39,108.63,,,,,,
38610,25.625,-6.87,119,-115,1091,103.5,20,31,257,3566,-61.84,-142.58,110.03,112.01,,,,,,
38850,23.700,-7.31,-269,-80,854,-101.1,-41,-28,113,,-69.13,-62.92,84.02,80.67,,,,,,
39090,22.184,-4.71,-225,-53,1248,269.2,159,37,82,,-75.51,-35.49,73.36,78.24,,,,,,
39332,21.503,-2.40,-230,-65,923,-46.6,-80,-129,-113,,-80.31,-36.45,69.17,82.22,,,,,,
39573,20.707,-4.71,-241,144,1575,599.8,238,138,242,,-74.29,45.94,4.75,79.15,,,,,,
39701,19.782,-5.32,-148,33,1015,26.3,-126,-28,-27,3566,-73.54,43.22,28.32,78.08,,,,,,
39749,19.620,-5.52,-172,202,996,30.7,130,128,78,,-65.19,53.89,23.65,75.68,,,,,,
39797,19.552,-5.35,-327,146,986,49.0,-154,-57,-102,,-61.91,-0.28,80.93,61.91,,,,,,
39845,19.403,-5.18,-356,-74,1201,254.8,132,81,-158,,-66.76,-17.26,69.58,67.86,,,,,,
39892,19.136,-4.88,-602,94,787,-4.7,84,54,-186,,-63.95,-9.96,46.07,64.37,,,,,,
39940,18.773,-5.10,-573,-23,757,-50.3,71,29,-183,3566,-62.13,-10.39,36.65,62.62,,,,,,
39988,18.450,-5.89,-589,-47,789,-14.3,62,-12,-174,,-61.95,-12.64,29.60,62.69,,,,,,
40036,18.172,-6.24,-520,-100,787,-51.4,65,-64,-177,,-64.31,-15.78,23.81,65.34,,,,,,
40084,17.926,-5.96,-379,-144,807,-96.9,70,-97,-170,,-68.74,-19.73,18.97,70.04,,,,,,
40132,17.651,-5.54,-282,-161,1118,164.2,73,-140,-150,,-75.11,-25.71,17.06,76.61,,,,,,
40180,17.258,-5.35,-133,-187,1201,222.7,71,-157,-107,3566,-82.82,-38.33,23.55,84.37,,,,,,
40228,16.968,-5.43,-12,-137,1306,313.2,45,-114,-40,,-87.44,-115.16,97.11,91.09,,,,,,
40276,16.824,-5.46,128,-135,1217,231.1,6,-38,39,,-85.16,-159.05,141.24,94.52,,,,,,
40324,16.658,-5.56,216,-140,1215,242.0,-22,58,135,,-85.05,-144.37,130.96,94.02,,,,,,
40372,16.411,-5.53,117,-177,1211,229.4,-13,130,214,,-85.61,-76.95,72.00,89.01,,,,,,
40420,16.089,-5.71,-120,-223,1152,179.5,16,127,239,3567,-81.08,-25.28,31.13,81.94,,,,,,
40468,15.822,-6.28,-355,-162,1284,342.0,26,61,230,,-76.75,-4.42,21.44,76.79,,,,,,
40516,15.543,-6.69,-361,-106,1315,367.8,0,-53,186,,-76.66,7.09,19.72,76.76,,,,,,
40564,15.171,-6.74,-414,-57,1297,362.7,-62,-145,135,,-81.65,9.22,25.27,81.76,,,,,,
40612,14.786,-6.58,-330,-125,1086,141.9,-106,-156,106,,-87.22,-70.46,110.76,89.07,,,,,,
40660,14.397,-6.39,-152,-91,1110,124.0,-95,-90,128,3567,-81.03,-117.85,163.80,94.18,,,,,,
40708,14.063,-6.20,-100,-158,1004,21.3,-21,-4,176,,-77.65,-112.28,165.69,94.65,,,,,,
40756,13.803,-5.89,-143,-196,996,25.1,97,48,186,,-79.92,-96.66,159.04,91.16,,,,,,
40804,13.552,-5.59,-221,-118,1152,178.9,232,35,133,,-87.02,-35.86,105.83,87.58,,,,,,
40852,13.338,-5.37,-249,67,1193,220.5,299,-11,66,,-78.03,76.01,-297.16,87.13,,,,,,
40900,13.148,-5.05,-258,238,1260,308.0,256,-22,2,3568,-64.91,85.81,-305.87,88.22,,,,,,
40948,12.923,-4.86,-206,324,1055,122.7,130,-2,-86,,-56.15,85.29,-307.92,87.38,,,,,,
40996,12.665,-4.67,-230,331,1007,84.7,-17,-3,-150,,-54.19,79.21,-308.02,83.71,,,,,,
41044,12.356,-4.70,-195,243,785,-155.4,-128,-43,-163,,-58.82,71.01,-307.60,80.30,,,,,,
41092,12.124,-4.86,-180,175,747,-211.9,-177,-88,-157,,-67.51,62.63,-307.03,79.87,,,,,,
41140,11.933,-4.90,-174,127,1031,53.3,-207,-123,-155,3568,-78.40,51.12,-302.96,82.75,,,,,,
41191,11.745,-4.81,-80,29,1161,164.1,-199,-122,-133,,-87.56,-39.21,75.91,88.11,,,,,,
41239,11.520,-4.56,55,-91,1077,82.2,-139,-31,-39,,-80.59,-104.04,136.63,92.27,,,,,,
41287,11.264,-4.47,76,-158,988,3.4,-51,92,80,,-76.71,-92.05,125.66,90.47,,,,,,
41335,11.024,-4.48,-33,-149,923,-64.5,59,176,147,,-75.80,-58.58,97.29,82.65,,,,,,
41382,10.811,-4.53,-181,-32,1135,149.8,142,172,155,3569,-72.09,-14.92,60.13,72.71,,,,,,
41430,10.606,-4.51,-220,80,924,-46.8,127,116,132,,-65.86,10.67,40.24,66.30,,,,,,
41478,10.393,-4.38,-291,189,1159,209.8,21,32,87,,-61.98,21.46,34.22,64.07,,,,,,
41526,10.194,-4.28,-224,133,815,-144.4,-104,-25,56,,-63.33,20.57,38.97,65.15,,,,,,
41574,10.000,-4.23,-182,75,673,-298.8,-164,-51,52,,-67.42,10.63,52.74,67.83,,,,,,
41622,9.798,-4.25,-216,39,791,-179.1,-176,-66,58,3570,-70.92,-8.11,75.66,71.12,,,,,,
41670,9.597,-4.36,-234,-20,788,-177.7,-143,-68,64,,-71.84,-29.07,101.03,74.19,,,,,,
41718,9.388,-4.56,-201,-57,746,-225.3,-78,-47,79,,-71.37,-42.14,118.49,76.30,,,,,,
41766,9.187,-4.77,-239,-80,982,13.8,-11,-12,104,,-71.18,-43.85,125.19,76.55,,,,,,
41814,8.979,-4.91,-208,-61,800,-171.2,55,17,111,,-72.05,-33.65,120.24,75.13,,,,,,
41862,8.729,-4.99,-225,-42,900,-71.4,93,21,85,3571,-73.04,-15.73,106.58,73.69,,,,,,
41910,8.450,-5.07,-275,77,987,27.5,103,24,49,,-72.57,5.00,88.43,72.64,,,,,,
41958,8.169,-5.22,-251,102,981,17.7,62,15,-8,,-71.14,18.39,75.36,72.14,,,,,,
42006,7.907,-5.33,-225,100,823,-141.0,2,-1,-69,,-70.71,20.25,71.29,71.94,,,,,,
42054,7.674,-5.37,-250,78,938,-26.1,-49,-26,-102,,-72.15,13.03,74.36,72.62,,,,,,
42102,7.435,-5.32,-256,24,955,-11.0,-65,-43,-108,3572,-74.48,0.07,82.58,74.48,,,,,,
42150,7.177,-5.28,-211,-42,1028,50.3,-41,-28,-77,,-76.38,-14.69,93.20,76.83,,,,,,
42198,6.926,-5.28,-162,-98,968,-13.7,11,16,-16,,-76.78,-20.73,97.14,77.65,,,,,,
42246,6.670,-5.30,-150,-106,774,-204.5,46,44,26,,-75.87,-13.52,90.16,76.27,,,,,,
42294,6.415,-5.41,-218,-44,873,-99.1,51,43,34,,-74.19,-2.82,80.65,74.21,,,,,,
42342,6.148,-5.53,-292,9,1071,110.1,7,13,15,3573,-73.17,2.63,76.19,73.19,,,,,,
42390,5.880,-5.69,-332,68,1044,97.6,-51,-32,-15,,-73.66,0.12,78.87,73.66,,,,,,
42438,5.636,-5.82,-323,-4,976,28.1,-84,-72,-48,,-75.73,-14.21,92.15,76.17,,,,,,
42486,5.357,-5.87,-226,-80,870,-97.6,-66,-81,-57,,-77.41,-36.73,112.51,79.94,,,,,,
42534,5.061,-5.79,-175,-143,798,-170.6,-29,-53,-28,,-77.84,-55.21,129.37,83.10,,,,,,
42582,4.741,-5.72,-171,-145,864,-107.4,7,-6,27,3574,-78.03,-59.58,133.99,83.97,,,,,,
42630,4.435,-5.82,-171,-126,1118,138.0,57,38,86,,-78.89,-45.63,122.87,82.25,,,,,,
42678,4.153,-5.85,-204,-80,1012,35.5,100,63,115,,-78.45,-16.20,98.00,78.91,,,,,,
42726,3.912,-5.74,-216,-75,1035,60.0,120,60,120,,-75.58,11.53,75.36,75.88,,,,,,
42774,3.682,-5.61,-232,-19,757,-208.0,119,34,108,,-71.53,31.25,60.40,74.28,,,,,,
42822,3.399,-5.65,-288,97,890,-59.5,79,-2,84,3574,-68.12,43.89,51.71,74.42,,,,,,
42870,3.108,-5.86,-307,184,1013,74.4,-5,-36,38,,-67.72,50.54,47.57,76.06,,,,,,
42918,2.859,-6.15,-297,209,1152,207.9,-119,-65,-20,,-72.00,49.42,48.93,78.40,,,,,,
42966,2.595,-6.32,-286,102,1096,137.3,-178,-81,-47,,-79.62,32.73,64.15,81.28,,,,,,
43014,2.282,-6.25,-322,56,1016,67.3,-152,-78,-46,,-84.02,-27.61,122.65,84.70,,,,,,
43062,1.919,-5.92,-278,-61,821,-131.1,-57,-60,-45,3575,-81.92,-74.64,167.87,87.87,,,,,,
43110,1.541,-5.59,-173,-212,950,-11.4,36,-54,-44,,-81.80,-93.64,184.90,90.52,,,,,,
43162,1.226,-5.27,-139,-127,790,-187.9,108,-36,-32,,-84.79,-119.41,209.12,92.56,,,,,,
43209,0.967,-5.02,-121,-68,1026,35.3,132,-18,-30,,-86.18,157.69,290.74,93.53,,,,,,
43257,0.791,-4.78,-154,46,1023,35.5,99,-1,-42,,-82.02,115.69,-324.09,93.45,,,,,,
43305,0.667,-4.65,-224,127,1254,280.2,0,3,-81,3576,-79.94,104.80,-316.09,92.56,,,,,,
43352,0.541,-4.75,-208,52,1148,167.8,-104,-10,-111,,-83.20,103.58,-320.08,91.59,,,,,,
43400,0.355,-4.90,-185,-62,1162,178.3,-140,-28,-114,,-88.02,167.43,265.72,91.93,,,,,,
43448,0.115,-5.05,-106,-189,954,-21.7,-113,-21,-91,,-83.44,-118.25,186.35,93.10,,,,,,
43496,-0.195,-5.39,-63,-271,1290,319.7,-30,29,-17,,-80.18,-108.05,173.41,93.03,,,,,,
43544,-0.574,-5.90,-75,-246,966,-0.4,52,98,61,3577,-81.31,-84.29,150.78,89.14,,,,,,
43592,-0.903,-6.32,-142,-213,1186,213.3,113,135,106,,-81.37,-33.05,103.27,82.77,,,,,,
43640,-1.163,-6.67,-213,-98,1239,261.0,141,131,115,,-76.09,8.52,66.39,76.25,,,,,,
43688,-1.429,-6.80,-261,1,1087,117.9,122,92,107,,-69.35,27.52,52.10,71.77,,,,,,
43736,-1.735,-6.71,-307,37,1122,163.8,57,33,86,,-65.07,36.21,47.52,70.12,,,,,,
43784,-2.080,-6.63,-327,86,997,52.8,-16,-23,62,3578,-64.98,40.12,46.87,71.13,,,,,,
43832,-2.447,-6.57,-302,112,909,-35.6,-73,-72,40,,-68.82,40.93,48.44,74.16,,,,,,
43880,-2.799,-6.46,-249,41,882,-82.6,-95,-102,22,,-75.02,39.42,51.38,78.48,,,,,,
43928,-3.145,-6.13,-199,-29,978,-1.5,-75,-116,16,,-81.93,38.17,53.46,83.66,,,,,,
43975,-3.455,-5.68,-137,-44,941,-48.1,-32,-109,21,,-87.44,63.61,28.77,88.86,,,,,,
44023,-3.710,-5.03,-71,-27,869,-127.7,0,-79,44,3579,-86.58,155.49,298.39,93.11,,,,,,
44071,-3.938,-4.38,-51,29,1067,68.6,7,-27,68,,-84.46,164.41,292.22,95.34,,,,,,
44119,-4.114,-3.88,-84,71,1177,182.1,-14,41,75,,-85.42,166.53,293.68,94.46,,,,,,
44167,-4.258,-3.43,-129,104,1392,401.8,-74,108,59,,-88.80,-101.15,204.60,90.23,,,,,,
44215,-4.372,-3.14,-209,86,1366,384.6,-130,112,29,,-81.83,-45.27,150.85,84.26,,,,,,
44263,-4.450,-2.94,-267,-20,1064,97.2,-156,42,-15,3581,-74.25,-52.07,158.13,80.39,,,,,,
44311,-4.601,-2.85,-296,-83,712,-224.5,-150,-49,-63,,-68.23,-65.25,170.13,81.07,,,,,,
44359,-4.752,-2.87,-337,-167,850,-70.5,-89,-128,-108,,-63.91,-81.86,183.91,86.43,,,,,,
44407,-4.903,-2.94,-207,-273,753,-172.7,8,-149,-126,,-62.01,-100.42,198.47,94.87,,,,,,
44455,-5.054,-3.15,-43,-243,667,-288.8,93,-118,-110,,-62.48,-119.39,213.41,103.11,,,,,,
44503,-5.205,-3.15,20,-188,658,-315.4,123,-57,-59,3583,-64.54,-136.10,227.77,108.04,,,,,,
44551,-5.356,-3.15,53,-41,1194,195.9,107,-2,-33,,-67.17,-150.27,240.95,109.69,,,,,,
44599,-5.507,-3.15,90,31,922,-73.1,32,88,-12,,-71.15,-156.37,246.52,107.22,,,,,,
44647,-5.658,-3.15,133,55,1069,78.6,-52,146,-24,,-76.32,-146.98,235.74,101.44,,,,,,
44699,-5.822,-3.15,-701,-271,4555,3616.6,-129,172,-18,,-78.57,-106.13,192.98,93.16,,,,,,
44747,-5.973,-3.15,41,-132,-181,-772.3,-406,452,179,0,-55.74,-59.36,148.07,73.33,,,,,,
44795,-6.124,-3.15,217,26,34,-778.8,-300,413,311,,-28.25,-40.43,138.99,47.89,,,,,,
44843,-6.275,-3.15,-45,3,43,-937.7,-179,460,310,,-4.58,-24.29,137.09,24.69,,,,,,
44891,-6.426,-3.15,-72,0,59,-906.9,-53,475,300,,19.89,-9.03,135.61,21.77,,,,,,
44939,-6.577,-3.15,-1803,-672,-5131,4479.9,58,360,170,,41.49,3.76,134.28,41.63,,,,,,
44987,-6.728,-3.15,-88,-5,67,-889.3,108,205,-152,0,47.79,-6.45,121.66,48.12,,,,,,
45035,-6.879,-3.15,-67,-24,84,-889.9,65,169,-207,,55.18,-22.93,111.64,58.27,,,,,,
45083,-7.030,-3.13,-78,-60,99,-860.4,44,143,-254,,59.73,-43.95,100.17,68.72,,,,,,
45131,-7.181,-2.78,-106,-238,-97,-722.0,89,92,-305,,60.35,-68.54,87.58,79.57,,,,,,
45181,-7.338,-2.42,113,-166,-519,-443.5,303,76,-142,,50.38,-86.28,78.14,87.63,,,,,,
45229,-7.490,-2.04,60,-110,-1,-874.7,323,112,-84,0,35.39,-95.91,71.87,94.81,,,,,,
45277,-7.642,-1.67,1984,-2091,888,2016.1,438,172,-24,,16.08,-101.11,67.41,100.67,,,,,,
45325,-7.670,-1.30,-65,-83,62,-877.7,-195,54,425,,16.84,-89.94,64.23,89.94,,,,,,
45373,-7.676,-0.91,-240,-438,-193,-464.6,-42,45,330,,23.70,-70.52,62.17,72.22,,,,,,
45420,-7.680,-0.58,-402,-474,-292,-313.3,89,-50,156,,21.95,-58.76,61.63,61.25,,,,,,
45468,-7.682,-0.21,-1156,-1482,-360,913.7,1,64,-77,0,17.77,-56.40,60.68,58.20,,,,,,
45516,-7.682,-0.06,-250,-582,-76,-362.0,17,-14,-137,,17.51,-60.41,59.69,61.91,,,,,,
45564,-7.682,-0.05,-442,-1148,-5,230.2,6,-25,-148,,15.83,-68.35,60.57,69.21,,,,,,
45612,-7.684,-0.04,-74,-919,-83,-74.3,4,-6,-83,,15.07,-73.69,60.87,74.26,,,,,,
45660,-7.687,-0.04,-52,-988,-46,-9.6,0,1,4,,14.67,-75.92,60.97,76.39,,,,,,
45708,-7.690,-0.05,-196,-980,-53,0.8,0,0,31,0,14.25,-74.94,60.82,75.41,,,,,,
45756,-7.694,-0.06,-262,-979,-49,14.6,-1,1,12,,13.76,-73.93,60.73,74.40,,,,,,
45804,-7.696,-0.06,-193,-983,-47,2.9,0,0,-9,,13.23,-74.22,60.68,74.65,,,,,,
45852,-7.698,-0.05,-187,-971,-53,-9.7,0,0,4,,12.78,-74.59,60.61,74.98,,,,,,
45900,-7.701,-0.04,-217,-979,-53,4.2,0,0,0,,12.29,-74.63,60.53,74.99,,,,,,
45948,-7.704,-0.02,-194,-974,-47,-5.8,0,0,1,0,11.81,-74.88,60.46,75.21,,,,,,
45996,-7.706,-0.02,-212,-978,-50,2.0,0,0,0,,11.33,-74.99,60.39,75.29,,,,,,
46044,-7.706,-0.01,-206,-980,-49,2.6,0,0,1,,10.85,-75.18,60.32,75.45,,,,,,
46092,-7.705,-0.00,-203,-980,-48,2.0,0,0,0,,10.37,-75.33,60.25,75.57,,,,,,
46139,-7.704,0.01,-207,-974,-51,-2.9,0,0,1,,9.89,-75.50,60.19,75.72,,,,,,
46187,-7.703,0.01,-201,-974,-51,-4.2,0,0,0,0,9.41,-75.67,60.13,75.87,,,,,,
46235,-7.702,0.01,-201,-977,-51,-1.2,0,0,0,,8.94,-75.84,60.06,76.01,,,,,,
46283,-7.702,0.02,-203,-977,-49,-0.9,0,0,0,,8.47,-76.01,60.01,76.16,,,,,,
46331,-7.702,0.01,-204,-975,-55,-2.4,0,0,1,,8.00,-76.17,59.95,76.31,,,,,,
46379,-7.701,0.01,-200,-977,-49,-1.5,0,0,0,,7.53,-76.35,59.89,76.47,,,,,,
46427,-7.700,0.01,-200,-977,-45,-1.7,0,0,0,0,7.07,-76.52,59.83,76.62,,,,,,
46475,-7.699,0.01,-200,-975,-47,-3.6,0,0,0,,6.60,-76.69,59.78,76.78,,,,,,
46523,-7.698,0.01,-203,-983,-49,4.9,0,0,0,,6.14,-76.86,59.72,76.94,,,,,,
46571,-7.698,0.01,-201,-973,-51,-5.1,0,0,0,,5.68,-77.02,59.67,77.08,,,,,,
46619,-7.698,0.01,-204,-971,-49,-6.6,0,0,0,,5.21,-77.19,59.62,77.24,,,,,,
46667,-7.698,0.01,-204,-974,-49,-3.7,0,0,0,0,4.76,-77.36,59.57,77.40,,,,,,
46715,-7.698,0.01,-201,-977,-54,-1.1,0,0,0,,4.34,-77.57,59.52,77.60,,,,,,
46768,-7.697,0.00,-201,-977,-48,-1.4,0,0,0,,3.91,-77.76,59.48,77.79,,,,,,
46816,-7.696,0.00,-207,-977,-50,-0.1,0,0,0,,3.50,-77.96,59.43,77.98,,,,,,
46864,-7.696,0.00,-204,-975,-53,-2.5,0,0,0,,3.08,-78.12,59.39,78.14,,,,,,
46912,-7.696,0.01,-203,-973,-52,-4.7,0,0,0,0,3.02,-78.22,59.35,78.24,,,,,,
46960,-7.696,0.00,-206,-974,-50,-3.2,0,0,0,,2.89,-78.19,59.32,78.20,,,,,,
47008,-7.696,0.00,-205,-976,-53,-1.3,0,0,1,,2.92,-78.16,59.29,78.17,,,,,,
47056,-7.696,0.01,-202,-973,-54,-4.8,0,0,0,,2.99,-78.26,59.25,78.27,,,,,,
47104,-7.696,0.01,-203,-972,-47,-5.9,0,0,0,,2.88,-78.29,59.22,78.30,,,,,,
47152,-7.695,0.01,-206,-969,-54,-7.9,0,0,0,0,2.99,-78.24,59.19,78.25,,,,,,
47202,-7.695,0.01,-200,-980,-53,1.6,0,0,0,,2.96,-78.27,59.16,78.28,,,,,,
47250,-7.694,0.01,-202,-975,-55,-2.8,0,0,0,,2.92,-78.30,59.13,78.31,,,,,,
47298,-7.693,0.00,-206,-971,-51,-6.1,0,0,0,,2.97,-78.30,59.10,78.31,,,,,,
47346,-7.693,0.00,-193,-978,-48,-2.0,0,0,0,,2.89,-78.38,59.06,78.39,,,,,,
47394,-7.693,-0.00,-200,-973,-50,-5.4,0,0,0,0,2.92,-78.37,59.03,78.38,,,,,,
47442,-7.694,-0.01,-201,-973,-53,-5.0,0,0,0,,2.98,-78.31,59.00,78.32,,,,,,
47490,-7.694,-0.01,-204,-974,-54,-3.4,0,0,0,,3.03,-78.36,58.97,78.38,,,,,,
47538,-7.695,-0.02,-194,-975,-50,-4.6,0,0,0,,2.96,-78.30,58.94,78.31,,,,,,
47586,-7.696,-0.02,-205,-972,-51,-5.3,0,0,0,,2.93,-78.31,58.91,78.32,,,,,,
47633,-7.697,-0.02,-203,-979,-43,0.7,0,0,0,0,2.91,-78.34,58.88,78.35,,,,,,
47681,-7.698,-0.02,-198,-980,-48,1.0,0,0,0,,2.90,-78.39,58.84,78.40,,,,,,
47729,-7.700,-0.02,-204,-974,-49,-3.7,0,0,0,,2.91,-78.22,58.82,78.23,,,,,,
47777,-7.701,-0.02,-202,-973,-57,-4.6,0,0,0,,3.05,-78.30,58.79,78.32,,,,,,
47825,-7.703,-0.02,-203,-977,-53,-0.7,0,0,0,,3.00,-78.26,58.76,78.28,,,,,,
47873,-7.704,-0.01,-204,-977,-50,-0.7,0,0,0,0,2.91,-78.21,58.73,78.22,,,,,,
47921,-7.704,-0.01,-201,-974,-56,-3.9,0,0,0,,2.96,-78.26,58.70,78.27,,,,,,
47969,-7.704,-0.00,-204,-979,-49,1.2,0,0,0,,3.05,-78.30,58.67,78.32,,,,,,
48017,-7.703,0.00,-197,-977,-47,-2.2,0,0,0,,3.00,-78.27,58.64,78.29,,,,,,
48065,-7.702,0.00,-203,-978,-48,-0.0,0,0,0,,2.89,-78.25,58.61,78.26,,,,,,
48113,-7.702,0.01,-199,-973,-48,-5.7,0,0,0,0,2.90,-78.33,58.57,78.34,,,,,,
48161,-7.702,0.01,-199,-980,-51,1.3,0,0,0,,2.92,-78.36,58.54,78.37,,,,,,
48209,-7.702,0.00,-201,-976,-49,-2.3,0,0,0,,2.85,-78.36,58.51,78.37,,,,,,
48256,-7.702,0.00,-202,-975,-51,-3.0,0,0,0,,2.97,-78.32,58.48,78.33,,,,,,
48304,-7.702,0.00,-202,-982,-53,4.0,0,0,0,,2.97,-78.32,58.45,78.33,,,,,,
48352,-7.702,0.00,-200,-981,-54,2.6,0,0,0,0,2.91,-78.37,58.42,78.38,,,,,,
48400,-7.701,0.00,-199,-973,-47,-5.7,0,0,0,,3.05,-78.27,58.39,78.29,,,,,,
48448,-7.701,0.00,-199,-972,-50,-6.6,0,0,0,,2.97,-78.29,58.36,78.30,,,,,,
48496,-7.701,0.00,-197,-979,-49,-0.2,0,0,0,,2.94,-78.30,58.33,78.31,,,,,,
48544,-7.701,-0.00,-196,-977,-47,-2.4,0,0,0,,2.90,-78.28,58.30,78.29,,,,,,
48592,-7.701,-0.00,-210,-979,-51,2.6,0,0,0,0,2.83,-78.22,58.27,78.23,,,,,,
48640,-7.701,-0.01,-200,-971,-54,-7.1,0,0,0,,3.01,-78.23,58.24,78.25,,,,,,
48688,-7.701,-0.01,-203,-975,-48,-2.9,0,0,0,,2.94,-78.34,58.21,78.35,,,,,,
48736,-7.702,-0.02,-204,-973,-52,-4.5,0,0,0,,2.89,-78.31,58.18,78.32,,,,,,
48784,-7.703,-0.02,-202,-976,-51,-2.0,0,0,0,,2.97,-78.28,58.15,78.29,,,,,,
48832,-7.704,-0.02,-197,-978,-51,-1.1,0,0,0,0,2.97,-78.37,58.11,78.38,,,,,,
48880,-7.706,-0.02,-196,-975,-53,-4.1,0,0,0,,2.97,-78.33,58.08,78.34,,,,,,
48928,-7.707,-0.03,-199,-975,-49,-3.7,0,0,0,,2.99,-78.30,58.05,78.31,,,,,,
49087,-7.711,-0.03,-205,-975,-49,-2.5,0,0,0,,2.91,-78.27,58.02,78.28,,,,,,
49330,-7.717,-0.03,-202,-977,-52,-1.0,0,0,0,,3.05,-78.26,57.99,78.28,,,,,,
49569,-7.726,-0.04,-200,-973,-48,-5.5,0,0,0,0,2.92,-78.32,57.96,78.33,,,,,,
49809,-7.738,-0.04,-204,-977,-51,-0.6,0,0,0,,2.96,-78.33,57.93,78.34,,,,,,
50049,-7.744,-0.03,-202,-976,-51,-2.0,0,0,0,,2.96,-78.30,57.80,78.31,,,,,,
50288,-7.751,-0.02,-204,-977,-52,-0.6,0,0,0,,3.01,-78.21,57.65,78.23,,,,,,
50528,-7.756,-0.04,-201,-982,-51,3.7,0,0,0,,2.97,-78.26,57.49,78.27,,,,,,
50767,-7.772,-0.07,-199,-978,-53,-0.6,0,0,0,0,2.97,-78.29,57.33,78.30,,,,,,
51007,-7.785,-0.05,-196,-974,-51,-5.2,0,0,0,,2.92,-78.26,57.18,78.27,,,,,,
51249,-7.796,-0.02,-202,-977,-50,-1.1,0,0,0,,2.97,-78.27,57.02,78.28,,,,,,
51489,-7.797,-0.06,-205,-979,-50,1.5,0,0,0,,2.87,-78.34,56.86,78.35,,,,,,
51728,-7.826,-0.10,-206,-975,-48,-2.3,0,0,0,,2.88,-78.24,56.72,78.25,,,,,,
