UTCTIME,UNIXTIME,ALT,LAT,LON,#SATS,FIX,HORZV,VERTV,HEAD,FLAGS,>40,>32,>24,RSSI,BATT
Apr 17 2021 19:06:45.800 UTC,1618711605.800,2871,34.49497820,-116.95774080,21,3,0,0,1,0x03,1,12,19,187,4.025
Apr 17 2021 19:06:44.900 UTC,1618711604.900,2871,34.49497830,-116.95774080,21,3,0,0,132,0x03,1,12,19,187,4.025
Apr 17 2021 19:06:45.000 UTC,1618711605.000,2871,34.49497830,-116.95774080,21,3,0,0,-21,0x03,1,12,19,187,4.025
Apr 17 2021 19:06:45.100 UTC,1618711605.100,2871,34.49497830,-116.95774090,21,3,0,0,-25,0x03,1,12,19,187,4.025
Apr 17 2021 19:06:45.200 UTC,1618711605.200,2871,34.49497830,-116.95774090,21,3,0,0,164,0x03,1,12,19,187,4.025
Apr 17 2021 19:06:45.300 UTC,1618711605.300,2871,34.49497820,-116.95774080,21,3,0,0,71,0x03,1,12,19,187,4.025
Apr 17 2021 19:06:45.400 UTC,1618711605.400,2871,34.49497820,-116.95774090,21,3,0,0,-125,0x03,1,12,19,187,4.025
Apr 17 2021 19:06:45.500 UTC,1618711605.500,2871,34.49497820,-116.95774090,21,3,0,0,-26,0x03,1,12,19,187,4.025
Apr 17 2021 19:06:45.600 UTC,1618711605.600,2871,34.49497820,-116.95774080,21,3,0,0,40,0x03,1,12,19,187,4.025
Apr 17 2021 19:06:45.700 UTC,1618711605.700,2871,34.49497820,-116.95774080,21,3,0,0,-164,0x03,1,12,19,187,4.025
Apr 17 2021 19:06:45.800 UTC,1618711605.800,2871,34.49497820,-116.95774080,21,3,0,0,1,0x03,1,12,19,187,4.025
Apr 17 2021 19:06:45.900 UTC,1618711605.900,2871,34.49497820,-116.95774080,21,3,0,0,-152,0x03,1,12,19,187,4.025
Apr 17 2021 19:06:46.000 UTC,1618711606.000,2871,34.49497810,-116.95774080,21,3,0,0,-152,0x03,1,12,19,187,4.025
Apr 17 2021 19:06:46.100 UTC,1618711606.100,2871,34.49497810,-116.95774080,21,3,0,0,-168,0x03,1,13,19,187,4.025
Apr 17 2021 19:06:46.200 UTC,1618711606.200,2871,34.49497810,-116.95774080,21,3,0,0,26,0x03,1,13,19,187,4.025
Apr 17 2021 19:06:46.300 UTC,1618711606.300,2871,34.49497800,-116.95774080,21,3,0,0,-7,0x03,1,13,19,187,4.025
Apr 17 2021 19:06:46.400 UTC,1618711606.400,2871,34.49497800,-116.95774080,21,3,0,0,90,0x03,1,13,19,187,4.025
Apr 17 2021 19:06:46.500 UTC,1618711606.500,2871,34.49497800,-116.95774080,21,3,0,0,101,0x03,1,13,19,187,4.025
Apr 17 2021 19:06:46.600 UTC,1618711606.600,2871,34.49497800,-116.95774080,21,3,0,0,-56,0x03,1,13,19,187,4.025
Apr 17 2021 19:06:46.700 UTC,1618711606.700,2871,34.49497790,-116.95774080,21,3,0,0,-126,0x03,1,12,19,188,4.025
Apr 17 2021 19:06:46.800 UTC,1618711606.800,2871,34.49497790,-116.95774080,21,3,0,0,55,0x03,1,12,19,188,4.025
Apr 17 2021 19:06:46.900 UTC,1618711606.900,2871,34.49497790,-116.95774080,21,3,0,0,148,0x03,1,13,19,188,4.025
Apr 17 2021 19:06:47.000 UTC,1618711607.000,2871,34.49497780,-116.95774080,21,3,0,0,-106,0x03,1,13,19,188,4.025
Apr 17 2021 19:06:47.100 UTC,1618711607.100,2871,34.49497780,-116.95774090,21,3,0,0,-104,0x03,1,13,19,188,4.025
Apr 17 2021 19:06:47.200 UTC,1618711607.200,2871,34.49497770,-116.95774090,21,3,0,0,136,0x03,1,13,19,188,4.025
Apr 17 2021 19:06:47.300 UTC,1618711607.300,2871,34.49497770,-116.95774090,21,3,0,0,132,0x03,1,13,19,188,4.025
Apr 17 2021 19:06:47.400 UTC,1618711607.400,2872,34.49497760,-116.95774090,21,3,0,0,-110,0x03,1,13,19,188,4.025
Apr 17 2021 19:06:47.500 UTC,1618711607.500,2872,34.49497760,-116.95774100,21,3,0,0,28,0x03,1,13,18,188,4.025
Apr 17 2021 19:06:47.600 UTC,1618711607.600,2872,34.49497760,-116.95774090,21,3,0,0,53,0x03,1,13,19,188,4.025
Apr 17 2021 19:06:47.700 UTC,1618711607.700,2871,34.49497760,-116.95774080,21,3,0,0,120,0x03,1,13,19,188,4.025
Apr 17 2021 19:06:47.800 UTC,1618711607.800,2872,34.49497760,-116.95774090,21,3,0,0,-39,0x03,1,13,19,188,4.025
Apr 17 2021 19:06:47.900 UTC,1618711607.900,2871,34.49497770,-116.95774090,21,3,0,0,24,0x03,1,13,19,188,4.025
Apr 17 2021 19:06:48.000 UTC,1618711608.000,2871,34.49497760,-116.95774080,21,3,0,0,153,0x03,1,13,20,188,4.025
Apr 17 2021 19:06:48.100 UTC,1618711608.100,2872,34.49497730,-116.95774160,21,3,5,5,-115,0x03,1,11,19,188,4.025
Apr 17 2021 19:06:48.200 UTC,1618711608.200,2872,34.49497790,-116.95774240,21,3,5,8,-7,0x03,1,8,16,188,4.025
Apr 17 2021 19:06:48.300 UTC,1618711608.300,2873,34.49498030,-116.95774380,21,3,12,11,-40,0x03,0,6,12,188,4.025
Apr 17 2021 19:06:48.400 UTC,1618711608.400,2875,34.49498080,-116.95774810,21,3,17,26,-110,0x03,0,5,10,188,4.025
Apr 17 2021 19:06:48.500 UTC,1618711608.500,2878,34.49497810,-116.95775960,20,3,46,47,-111,0x03,1,4,8,188,4.025
Apr 17 2021 19:06:48.500 UTC,1618711608.500,2878,34.49497810,-116.95775960,20,3,46,47,-111,0x03,1,4,8,188,4.025
Apr 17 2021 19:06:48.600 UTC,1618711608.600,2882,34.49497320,-116.95777700,19,3,63,54,-111,0x03,1,4,7,188,4.025
Apr 17 2021 19:06:48.700 UTC,1618711608.700,2884,34.49496900,-116.95779310,19,3,51,29,-108,0x03,1,4,7,181,4.025
Apr 17 2021 19:06:48.800 UTC,1618711608.800,2881,34.49497040,-116.95781040,19,3,58,-23,-78,0x03,0,4,6,181,4.026
Apr 17 2021 19:06:48.900 UTC,1618711608.900,2876,34.49497380,-116.95782840,19,3,55,-54,-78,0x03,0,4,7,181,4.026
Apr 17 2021 19:06:49.000 UTC,1618711609.000,2869,34.49497440,-116.95784240,19,3,36,-62,-93,0x03,0,4,7,181,4.026
Apr 17 2021 19:06:49.100 UTC,1618711609.100,2860,34.49497070,-116.95784480,18,3,19,-82,167,0x03,0,5,6,181,4.026
Apr 17 2021 19:06:49.200 UTC,1618711609.200,2850,34.49497130,-116.95784400,18,3,7,-97,-2,0x03,0,5,6,181,4.026
Apr 17 2021 19:06:49.300 UTC,1618711609.300,2835,34.49497190,-116.95785300,17,3,49,-144,-95,0x03,0,3,6,181,4.026
Apr 17 2021 19:06:50.700 UTC,1618711610.700,3441,34.49507170,-116.95784780,7,3,78,939,41,0x03,1,7,7,167,4.026
Apr 17 2021 19:06:50.800 UTC,1618711610.800,3608,34.49510070,-116.95787660,9,3,86,1039,44,0x03,2,9,9,154,4.025
Apr 17 2021 19:06:51.000 UTC,1618711611.000,3862,34.49522050,-116.95794440,8,3,85,1045,45,0x03,3,5,8,154,4.025
Apr 17 2021 19:06:51.100 UTC,1618711611.100,3986,34.49526300,-116.95793460,9,3,85,1036,45,0x03,3,6,9,154,4.025
Apr 17 2021 19:06:51.200 UTC,1618711611.200,4109,34.49528640,-116.95792550,10,3,87,1027,46,0x03,0,6,10,154,4.025
Apr 17 2021 19:06:51.300 UTC,1618711611.300,4223,34.49530400,-116.95789750,9,3,84,1014,46,0x03,0,9,9,154,4.025
Apr 17 2021 19:06:51.400 UTC,1618711611.400,4345,34.49532230,-116.95785400,11,3,83,1002,45,0x03,0,11,11,154,4.025
Apr 17 2021 19:06:51.500 UTC,1618711611.500,4455,34.49533190,-116.95782160,7,3,82,989,45,0x03,0,7,7,154,4.025
Apr 17 2021 19:06:51.600 UTC,1618711611.600,4566,34.49534740,-116.95780570,7,3,80,973,45,0x03,0,6,7,154,4.025
Apr 17 2021 19:06:51.700 UTC,1618711611.700,4681,34.49537190,-116.95781120,7,3,79,962,45,0x03,1,5,7,159,4.025
Apr 17 2021 19:06:51.800 UTC,1618711611.800,4795,34.49539690,-116.95778680,7,3,78,949,44,0x03,1,6,7,159,4.025
Apr 17 2021 19:06:51.900 UTC,1618711611.900,4907,34.49542160,-116.95775960,7,3,78,939,44,0x03,3,6,7,159,4.025
Apr 17 2021 19:06:52.000 UTC,1618711612.000,5020,34.49544850,-116.95772830,7,3,79,930,44,0x03,2,5,7,159,4.025
Apr 17 2021 19:06:52.100 UTC,1618711612.100,5148,34.49548100,-116.95768780,13,3,79,924,45,0x03,0,9,13,159,4.025
Apr 17 2021 19:06:52.200 UTC,1618711612.200,5256,34.49550980,-116.95764590,8,3,77,910,45,0x03,0,8,8,159,4.025
Apr 17 2021 19:06:52.300 UTC,1618711612.300,5370,34.49552590,-116.95761680,8,3,76,898,45,0x03,0,8,8,159,4.025
Apr 17 2021 19:06:52.400 UTC,1618711612.400,5484,34.49554670,-116.95758330,8,3,75,888,45,0x03,0,8,8,159,4.025
Apr 17 2021 19:06:52.500 UTC,1618711612.500,5596,34.49556310,-116.95755760,8,3,74,877,45,0x03,1,8,8,159,4.025
Apr 17 2021 19:06:52.600 UTC,1618711612.600,5729,34.49557980,-116.95752170,15,3,74,869,44,0x03,5,12,15,159,4.025
Apr 17 2021 19:06:52.700 UTC,1618711612.700,5844,34.49559310,-116.95750280,7,3,71,857,44,0x03,4,6,7,157,4.025
Apr 17 2021 19:06:52.800 UTC,1618711612.800,5970,34.49561010,-116.95747120,9,3,72,848,44,0x03,4,8,9,157,4.026
Apr 17 2021 19:06:52.900 UTC,1618711612.900,6094,34.49563280,-116.95742120,11,3,72,840,44,0x03,3,10,11,157,4.026
Apr 17 2021 19:06:53.000 UTC,1618711613.000,6236,34.49566440,-116.95736070,11,3,72,831,44,0x03,0,9,11,157,4.026
Apr 17 2021 19:06:53.100 UTC,1618711613.100,6365,34.49568730,-116.95730610,11,3,71,822,45,0x03,1,11,11,157,4.026
Apr 17 2021 19:06:53.200 UTC,1618711613.200,6502,34.49571250,-116.95724240,11,3,70,812,45,0x03,2,11,11,157,4.026
Apr 17 2021 19:06:53.300 UTC,1618711613.300,6642,34.49573700,-116.95718300,12,3,69,803,45,0x03,3,11,12,157,4.026
Apr 17 2021 19:06:53.400 UTC,1618711613.400,6791,34.49575260,-116.95714040,11,3,69,795,45,0x03,3,10,11,157,4.026
Apr 17 2021 19:06:53.500 UTC,1618711613.500,6932,34.49575750,-116.95711570,11,3,68,787,45,0x03,4,8,11,157,4.026
Apr 17 2021 19:06:53.600 UTC,1618711613.600,7072,34.49576280,-116.95709210,11,3,67,778,45,0x03,3,7,11,157,4.026
Apr 17 2021 19:06:53.700 UTC,1618711613.700,7234,34.49576320,-116.95704120,13,3,67,770,44,0x03,6,10,13,155,4.026
Apr 17 2021 19:06:53.800 UTC,1618711613.800,7363,34.49576710,-116.95700780,13,3,67,762,44,0x03,5,10,13,155,4.026
Apr 17 2021 19:06:53.900 UTC,1618711613.900,7487,34.49577150,-116.95697560,14,3,66,755,44,0x03,4,11,14,155,4.026
Apr 17 2021 19:06:54.000 UTC,1618711614.000,7597,34.49578130,-116.95694290,15,3,67,748,44,0x03,1,10,15,155,4.026
Apr 17 2021 19:06:54.100 UTC,1618711614.100,7710,34.49579170,-116.95690130,12,3,66,739,44,0x03,1,11,12,155,4.026
Apr 17 2021 19:06:54.200 UTC,1618711614.200,7819,34.49580200,-116.95685980,13,3,65,731,45,0x03,2,13,13,155,4.026
Apr 17 2021 19:06:54.300 UTC,1618711614.300,7931,34.49581150,-116.95681930,13,3,65,723,45,0x03,3,13,13,155,4.026
Apr 17 2021 19:06:54.400 UTC,1618711614.400,8034,34.49582240,-116.95678520,13,3,64,716,46,0x03,5,12,13,155,4.026
Apr 17 2021 19:06:54.500 UTC,1618711614.500,8138,34.49583640,-116.95676120,13,3,63,709,45,0x03,5,13,13,155,4.026
Apr 17 2021 19:06:54.600 UTC,1618711614.600,8239,34.49585090,-116.95673810,15,3,62,702,45,0x03,6,12,15,155,4.026
Apr 17 2021 19:06:54.700 UTC,1618711614.700,8334,34.49586410,-116.95671580,16,3,62,695,45,0x03,7,12,16,155,4.026
Apr 17 2021 19:06:54.800 UTC,1618711614.800,8419,34.49587520,-116.95669740,16,3,62,687,45,0x03,7,13,16,155,4.025
Apr 17 2021 19:06:54.900 UTC,1618711614.900,8498,34.49588600,-116.95668110,16,3,62,681,45,0x03,6,13,16,155,4.025
Apr 17 2021 19:06:55.000 UTC,1618711615.000,8574,34.49589700,-116.95666480,16,3,61,674,44,0x03,4,13,16,155,4.025
Apr 17 2021 19:06:55.100 UTC,1618711615.100,8648,34.49590770,-116.95664900,16,3,62,668,45,0x03,1,11,16,155,4.025
Apr 17 2021 19:06:55.200 UTC,1618711615.200,8721,34.49591980,-116.95663130,16,3,61,661,45,0x03,1,14,16,155,4.025
Apr 17 2021 19:06:55.300 UTC,1618711615.300,8794,34.49593240,-116.95661130,16,3,61,653,45,0x03,3,15,16,155,4.025
Apr 17 2021 19:06:55.400 UTC,1618711615.400,8868,34.49594530,-116.95659040,16,3,60,647,45,0x03,4,15,16,155,4.025
Apr 17 2021 19:06:55.500 UTC,1618711615.500,8942,34.49595870,-116.95657110,17,3,60,640,45,0x03,5,16,17,155,4.025
Apr 17 2021 19:06:55.600 UTC,1618711615.600,9017,34.49597480,-116.95655350,17,3,59,634,46,0x03,6,15,17,155,4.025
Apr 17 2021 19:06:55.700 UTC,1618711615.700,9090,34.49599060,-116.95653710,17,3,59,628,46,0x03,7,15,17,150,4.025
Apr 17 2021 19:06:55.800 UTC,1618711615.800,9160,34.49600500,-116.95652120,16,3,58,622,46,0x03,7,12,16,150,4.025
Apr 17 2021 19:06:55.900 UTC,1618711615.900,9229,34.49601810,-116.95650520,17,3,58,615,45,0x03,7,12,17,150,4.025
Apr 17 2021 19:06:56.000 UTC,1618711616.000,9294,34.49602980,-116.95649040,16,3,58,609,45,0x03,5,12,16,150,4.025
Apr 17 2021 19:06:56.100 UTC,1618711616.100,9356,34.49604060,-116.95647710,14,3,58,603,45,0x03,5,10,13,150,4.025
Apr 17 2021 19:06:56.200 UTC,1618711616.200,9419,34.49605180,-116.95646310,17,3,57,597,45,0x03,5,13,16,150,4.025
Apr 17 2021 19:06:56.300 UTC,1618711616.300,9480,34.49606290,-116.95644910,17,3,57,591,45,0x03,2,14,16,150,4.025
Apr 17 2021 19:06:56.400 UTC,1618711616.400,9542,34.49607350,-116.95643490,18,3,57,586,45,0x03,0,14,18,150,4.025
Apr 17 2021 19:06:56.500 UTC,1618711616.500,9602,34.49608410,-116.95642050,18,3,57,579,45,0x03,0,15,18,150,4.025
Apr 17 2021 19:06:56.600 UTC,1618711616.600,9662,34.49609450,-116.95640580,18,3,56,574,45,0x03,1,16,18,150,4.025
Apr 17 2021 19:06:56.700 UTC,1618711616.700,9722,34.49610530,-116.95639130,18,3,56,568,46,0x03,3,16,18,156,4.025
Apr 17 2021 19:06:56.800 UTC,1618711616.800,9782,34.49611570,-116.95637700,18,3,56,562,46,0x03,4,15,18,156,4.027
Apr 17 2021 19:06:56.900 UTC,1618711616.900,9841,34.49612770,-116.95636280,17,3,55,556,46,0x03,6,14,17,156,4.027
Apr 17 2021 19:06:57.000 UTC,1618711617.000,9900,34.49613950,-116.95634910,18,3,55,550,46,0x03,7,16,18,156,4.027
Apr 17 2021 19:06:57.100 UTC,1618711617.100,9958,34.49615220,-116.95633520,18,3,54,545,46,0x03,6,13,18,156,4.027
Apr 17 2021 19:06:57.200 UTC,1618711617.200,10016,34.49616470,-116.95632150,19,3,54,539,45,0x03,7,12,19,156,4.027
Apr 17 2021 19:06:57.300 UTC,1618711617.300,10073,34.49617630,-116.95630760,18,3,54,534,45,0x03,6,12,18,156,4.027
Apr 17 2021 19:06:57.400 UTC,1618711617.400,10128,34.49618700,-116.95629450,18,3,54,528,45,0x03,5,13,18,156,4.027
Apr 17 2021 19:06:57.500 UTC,1618711617.500,10182,34.49619760,-116.95628160,18,3,54,523,45,0x03,5,14,17,156,4.027
Apr 17 2021 19:06:57.600 UTC,1618711617.600,10235,34.49620810,-116.95626870,16,3,54,518,45,0x03,4,13,15,156,4.027
Apr 17 2021 19:06:57.700 UTC,1618711617.700,10288,34.49621860,-116.95625590,16,3,53,513,45,0x03,2,13,15,143,4.027
Apr 17 2021 19:06:57.800 UTC,1618711617.800,10340,34.49622890,-116.95624280,17,3,54,507,45,0x03,0,14,17,143,4.027
Apr 17 2021 19:06:57.900 UTC,1618711617.900,10391,34.49623920,-116.95622970,18,3,53,502,45,0x03,0,14,18,143,4.027
Apr 17 2021 19:06:58.000 UTC,1618711618.000,10442,34.49624940,-116.95621660,18,3,53,497,45,0x03,1,16,18,143,4.027
Apr 17 2021 19:06:58.100 UTC,1618711618.100,10493,34.49625960,-116.95620350,17,3,53,492,45,0x03,2,15,17,143,4.027
Apr 17 2021 19:06:58.200 UTC,1618711618.200,10543,34.49627000,-116.95619040,19,3,52,487,45,0x03,3,17,19,143,4.027
Apr 17 2021 19:06:58.300 UTC,1618711618.300,10594,34.49628060,-116.95617730,19,3,52,481,46,0x03,5,17,19,143,4.027
Apr 17 2021 19:06:58.400 UTC,1618711618.400,10643,34.49629130,-116.95616420,18,3,52,476,46,0x03,5,15,18,143,4.027
Apr 17 2021 19:06:58.500 UTC,1618711618.500,10693,34.49630240,-116.95615160,18,3,51,472,46,0x03,6,15,18,143,4.027
Apr 17 2021 19:06:58.600 UTC,1618711618.600,10742,34.49631410,-116.95613900,18,3,51,467,46,0x03,7,13,18,143,4.027
Apr 17 2021 19:06:58.700 UTC,1618711618.700,10791,34.49632520,-116.95612630,18,3,51,462,46,0x03,7,12,18,154,4.027
Apr 17 2021 19:06:58.800 UTC,1618711618.800,10838,34.49633600,-116.95611370,17,3,51,457,45,0x03,7,12,17,154,4.025
Apr 17 2021 19:06:58.900 UTC,1618711618.900,10885,34.49634660,-116.95610120,18,3,51,452,45,0x03,6,13,18,154,4.025
Apr 17 2021 19:06:59.000 UTC,1618711619.000,10931,34.49635660,-116.95608880,18,3,50,447,45,0x03,6,14,18,154,4.025
Apr 17 2021 19:07:00.100 UTC,1618711620.100,11405,34.49646580,-116.95595370,18,3,49,397,46,0x03,5,15,18,153,4.025
Apr 17 2021 19:06:59.200 UTC,1618711619.200,11021,34.49637630,-116.95606420,18,3,50,438,45,0x03,5,15,17,154,4.025
Apr 17 2021 19:06:59.300 UTC,1618711619.300,11066,34.49638620,-116.95605200,18,3,51,433,45,0x03,3,15,17,154,4.025
Apr 17 2021 19:06:59.400 UTC,1618711619.400,11109,34.49639610,-116.95603960,19,3,50,429,45,0x03,1,16,19,154,4.025
Apr 17 2021 19:06:59.500 UTC,1618711619.500,11153,34.49640600,-116.95602720,19,3,50,424,45,0x03,1,16,19,154,4.025
Apr 17 2021 19:06:59.600 UTC,1618711619.600,11196,34.49641590,-116.95601480,19,3,50,419,45,0x03,3,15,19,154,4.025
Apr 17 2021 19:06:59.700 UTC,1618711619.700,11239,34.49642580,-116.95600250,19,3,50,415,45,0x03,2,17,19,153,4.025
Apr 17 2021 19:06:59.800 UTC,1618711619.800,11281,34.49643570,-116.95599020,19,3,50,410,45,0x03,2,17,19,153,4.025
Apr 17 2021 19:06:59.900 UTC,1618711619.900,11323,34.49644580,-116.95597800,19,3,50,406,45,0x03,3,18,19,153,4.025
Apr 17 2021 19:07:00.000 UTC,1618711620.000,11364,34.49645570,-116.95596580,19,3,49,401,46,0x03,5,17,19,153,4.025
Apr 17 2021 19:07:00.100 UTC,1618711620.100,11405,34.49646580,-116.95595370,18,3,49,397,46,0x03,5,15,18,153,4.025
Apr 17 2021 19:07:00.200 UTC,1618711620.200,11446,34.49647560,-116.95594170,19,3,49,393,46,0x03,5,16,19,153,4.025
Apr 17 2021 19:07:00.300 UTC,1618711620.300,11486,34.49648600,-116.95592990,19,3,49,388,46,0x03,6,16,19,153,4.025
Apr 17 2021 19:07:00.400 UTC,1618711620.400,11526,34.49649640,-116.95591800,19,3,49,384,46,0x03,6,15,19,153,4.025
Apr 17 2021 19:07:00.500 UTC,1618711620.500,11566,34.49650660,-116.95590620,19,3,48,379,46,0x03,7,14,18,153,4.025
Apr 17 2021 19:07:00.600 UTC,1618711620.600,11605,34.49651650,-116.95589430,19,3,48,375,45,0x03,7,14,19,153,4.025
Apr 17 2021 19:07:00.700 UTC,1618711620.700,11643,34.49652640,-116.95588250,18,3,48,371,46,0x03,6,14,18,152,4.025
Apr 17 2021 19:07:00.800 UTC,1618711620.800,11681,34.49653590,-116.95587080,18,3,48,366,45,0x03,5,14,18,152,4.027
Apr 17 2021 19:07:00.900 UTC,1618711620.900,11718,34.49654540,-116.95585920,18,3,48,362,45,0x03,6,14,18,152,4.027
Apr 17 2021 19:07:01.000 UTC,1618711621.000,11755,34.49655480,-116.95584760,18,3,48,358,45,0x03,5,15,17,152,4.027
Apr 17 2021 19:07:02.100 UTC,1618711622.100,12127,34.49665740,-116.95572010,20,3,47,313,45,0x03,3,19,20,155,4.027
Apr 17 2021 19:07:01.200 UTC,1618711621.200,11826,34.49657360,-116.95582420,19,3,48,350,45,0x03,3,16,18,152,4.027
Apr 17 2021 19:07:01.300 UTC,1618711621.300,11862,34.49658320,-116.95581240,19,3,48,346,45,0x03,2,16,18,152,4.027
Apr 17 2021 19:07:01.400 UTC,1618711621.400,11897,34.49659270,-116.95580060,20,3,48,341,46,0x03,2,17,20,152,4.027
Apr 17 2021 19:07:01.500 UTC,1618711621.500,11931,34.49660200,-116.95578900,20,3,48,337,45,0x03,1,20,20,152,4.027
Apr 17 2021 19:07:01.600 UTC,1618711621.600,11965,34.49661130,-116.95577740,20,3,48,334,45,0x03,1,18,20,152,4.027
Apr 17 2021 19:07:01.700 UTC,1618711621.700,11998,34.49662060,-116.95576590,20,3,48,329,45,0x03,1,18,20,155,4.027
Apr 17 2021 19:07:01.800 UTC,1618711621.800,12031,34.49662990,-116.95575440,21,3,48,325,45,0x03,1,19,21,155,4.027
Apr 17 2021 19:07:01.900 UTC,1618711621.900,12064,34.49663910,-116.95574290,21,3,48,321,46,0x03,2,18,21,155,4.027
Apr 17 2021 19:07:02.000 UTC,1618711622.000,12096,34.49664830,-116.95573150,21,3,47,317,45,0x03,4,19,21,155,4.027
Apr 17 2021 19:07:02.100 UTC,1618711622.100,12127,34.49665740,-116.95572010,20,3,47,313,45,0x03,3,19,20,155,4.027
Apr 17 2021 19:07:02.200 UTC,1618711622.200,12159,34.49666670,-116.95570860,21,3,47,309,45,0x03,4,18,21,155,4.027
Apr 17 2021 19:07:02.300 UTC,1618711622.300,12190,34.49667600,-116.95569720,21,3,47,305,46,0x03,7,18,21,155,4.027
Apr 17 2021 19:07:02.400 UTC,1618711622.400,12221,34.49668560,-116.95568580,20,3,47,302,46,0x03,8,17,19,155,4.027
Apr 17 2021 19:07:02.500 UTC,1618711622.500,12252,34.49669520,-116.95567450,21,3,47,298,45,0x03,8,18,20,155,4.027
Apr 17 2021 19:07:02.600 UTC,1618711622.600,12282,34.49670480,-116.95566310,21,3,47,294,46,0x03,9,17,21,155,4.027
Apr 17 2021 19:07:02.700 UTC,1618711622.700,12312,34.49671430,-116.95565170,21,3,47,290,46,0x03,9,18,21,148,4.027
Apr 17 2021 19:07:02.800 UTC,1618711622.800,12342,34.49672370,-116.95564040,19,3,47,286,46,0x03,9,15,19,148,4.025
Apr 17 2021 19:07:02.900 UTC,1618711622.900,12371,34.49673300,-116.95562900,19,3,47,282,45,0x03,9,15,19,148,4.025
Apr 17 2021 19:07:03.000 UTC,1618711623.000,12399,34.49674230,-116.95561770,19,3,47,279,46,0x03,9,14,19,148,4.025
Apr 17 2021 19:07:04.100 UTC,1618711624.100,12687,34.49684050,-116.95549330,21,3,46,238,46,0x03,5,18,21,143,4.025
Apr 17 2021 19:07:03.200 UTC,1618711623.200,12455,34.49676030,-116.95559500,21,3,47,271,46,0x03,9,19,21,148,4.025
Apr 17 2021 19:07:03.300 UTC,1618711623.300,12482,34.49676930,-116.95558360,21,3,47,267,45,0x03,7,19,21,148,4.025
Apr 17 2021 19:07:03.400 UTC,1618711623.400,12509,34.49677820,-116.95557230,21,3,46,263,46,0x03,6,19,21,148,4.025
Apr 17 2021 19:07:03.500 UTC,1618711623.500,12536,34.49678720,-116.95556090,21,3,46,260,45,0x03,5,19,21,148,4.025
Apr 17 2021 19:07:03.600 UTC,1618711623.600,12562,34.49679610,-116.95554960,21,3,46,256,45,0x03,5,19,21,148,4.025
Apr 17 2021 19:07:03.700 UTC,1618711623.700,12588,34.49680500,-116.95553830,20,3,46,253,46,0x03,5,18,20,143,4.025
Apr 17 2021 19:07:03.800 UTC,1618711623.800,12613,34.49681380,-116.95552710,20,3,46,249,46,0x03,4,18,20,143,4.025
Apr 17 2021 19:07:03.900 UTC,1618711623.900,12638,34.49682260,-116.95551580,19,3,46,245,46,0x03,3,17,19,143,4.025
Apr 17 2021 19:07:04.000 UTC,1618711624.000,12662,34.49683150,-116.95550460,20,3,46,242,46,0x03,5,18,20,143,4.025
Apr 17 2021 19:07:04.100 UTC,1618711624.100,12687,34.49684050,-116.95549330,21,3,46,238,46,0x03,5,18,21,143,4.025
Apr 17 2021 19:07:04.200 UTC,1618711624.200,12711,34.49684940,-116.95548200,21,3,46,234,46,0x03,6,17,21,143,4.025
Apr 17 2021 19:07:04.300 UTC,1618711624.300,12734,34.49685840,-116.95547070,21,3,46,231,46,0x03,5,18,21,143,4.025
Apr 17 2021 19:07:04.400 UTC,1618711624.400,12757,34.49686740,-116.95545940,21,3,46,227,46,0x03,5,18,21,143,4.025
Apr 17 2021 19:07:04.500 UTC,1618711624.500,12780,34.49687640,-116.95544820,21,3,46,223,46,0x03,6,18,21,143,4.025
Apr 17 2021 19:07:04.600 UTC,1618711624.600,12803,34.49688560,-116.95543690,21,3,46,220,46,0x03,6,19,21,143,4.025
Apr 17 2021 19:07:04.700 UTC,1618711624.700,12826,34.49689500,-116.95542560,21,3,46,216,46,0x03,7,19,21,147,4.025
Apr 17 2021 19:07:04.800 UTC,1618711624.800,12848,34.49690420,-116.95541440,21,3,46,213,46,0x03,7,19,21,147,4.027
Apr 17 2021 19:07:04.900 UTC,1618711624.900,12870,34.49691350,-116.95540320,21,3,46,209,46,0x03,9,19,21,147,4.027
Apr 17 2021 19:07:05.000 UTC,1618711625.000,12891,34.49692220,-116.95539220,21,3,45,206,46,0x03,10,19,21,147,4.027
Apr 17 2021 19:07:05.100 UTC,1618711625.100,12912,34.49693100,-116.95538130,21,3,45,202,46,0x03,9,18,21,147,4.027
Apr 17 2021 19:07:05.200 UTC,1618711625.200,12932,34.49693980,-116.95537040,21,3,45,199,46,0x03,7,18,21,147,4.027
Apr 17 2021 19:07:05.300 UTC,1618711625.300,12952,34.49694850,-116.95535940,21,3,45,195,46,0x03,8,18,21,147,4.027
Apr 17 2021 19:07:05.400 UTC,1618711625.400,12972,34.49695720,-116.95534840,21,3,45,191,46,0x03,9,18,21,147,4.027
Apr 17 2021 19:07:05.500 UTC,1618711625.500,12991,34.49696580,-116.95533750,21,3,45,188,46,0x03,10,17,21,147,4.027
Apr 17 2021 19:07:05.600 UTC,1618711625.600,13010,34.49697450,-116.95532650,21,3,45,184,46,0x03,10,17,21,147,4.027
Apr 17 2021 19:07:05.700 UTC,1618711625.700,13029,34.49698310,-116.95531550,21,3,45,181,46,0x03,11,18,21,151,4.027
Apr 17 2021 19:07:05.800 UTC,1618711625.800,13047,34.49699170,-116.95530450,21,3,45,178,46,0x03,10,17,20,151,4.027
Apr 17 2021 19:07:05.900 UTC,1618711625.900,13065,34.49700030,-116.95529350,21,3,45,174,46,0x03,10,17,20,151,4.027
Apr 17 2021 19:07:06.000 UTC,1618711626.000,13083,34.49700900,-116.95528250,21,3,45,171,46,0x03,10,17,20,151,4.027
Apr 17 2021 19:07:06.100 UTC,1618711626.100,13100,34.49701770,-116.95527160,21,3,45,167,46,0x03,9,15,20,151,4.027
Apr 17 2021 19:07:06.200 UTC,1618711626.200,13117,34.49702640,-116.95526060,21,3,45,164,47,0x03,10,14,20,151,4.027
Apr 17 2021 19:07:06.300 UTC,1618711626.300,13134,34.49703490,-116.95524960,21,3,45,161,46,0x03,9,14,21,151,4.027
Apr 17 2021 19:07:06.400 UTC,1618711626.400,13150,34.49704340,-116.95523860,21,3,44,157,46,0x03,9,14,20,151,4.027
Apr 17 2021 19:07:06.500 UTC,1618711626.500,13166,34.49705190,-116.95522760,21,3,45,154,46,0x03,9,15,21,151,4.027
Apr 17 2021 19:07:06.600 UTC,1618711626.600,13182,34.49706040,-116.95521660,21,3,45,150,46,0x03,8,18,21,151,4.027
Apr 17 2021 19:07:06.700 UTC,1618711626.700,13197,34.49706890,-116.95520580,21,3,45,147,46,0x03,7,18,21,157,4.027
Apr 17 2021 19:07:06.800 UTC,1618711626.800,13212,34.49707740,-116.95519490,21,3,44,144,46,0x03,6,18,21,157,4.026
Apr 17 2021 19:07:06.900 UTC,1618711626.900,13226,34.49708580,-116.95518390,21,3,45,141,46,0x03,6,19,21,157,4.026
Apr 17 2021 19:07:07.000 UTC,1618711627.000,13241,34.49709430,-116.95517300,21,3,44,137,46,0x03,6,19,21,157,4.026
Apr 17 2021 19:07:08.100 UTC,1618711628.100,13373,34.49718650,-116.95505320,21,3,44,101,47,0x03,3,18,21,156,4.026
Apr 17 2021 19:07:07.200 UTC,1618711627.200,13268,34.49711120,-116.95515120,21,3,44,131,46,0x03,5,19,21,157,4.026
Apr 17 2021 19:07:07.300 UTC,1618711627.300,13281,34.49711960,-116.95514020,21,3,44,127,47,0x03,4,19,21,157,4.026
Apr 17 2021 19:07:07.400 UTC,1618711627.400,13294,34.49712800,-116.95512930,21,3,44,124,46,0x03,4,19,21,157,4.026
Apr 17 2021 19:07:07.500 UTC,1618711627.500,13306,34.49713630,-116.95511830,21,3,44,120,47,0x03,4,19,21,157,4.026
Apr 17 2021 19:07:07.600 UTC,1618711627.600,13318,34.49714470,-116.95510740,21,3,44,117,47,0x03,3,19,21,157,4.026
Apr 17 2021 19:07:07.700 UTC,1618711627.700,13330,34.49715300,-116.95509650,21,3,44,114,47,0x03,3,19,21,156,4.026
Apr 17 2021 19:07:07.800 UTC,1618711627.800,13341,34.49716140,-116.95508570,21,3,44,111,47,0x03,4,19,21,156,4.026
Apr 17 2021 19:07:07.900 UTC,1618711627.900,13352,34.49716980,-116.95507480,21,3,44,107,47,0x03,4,19,21,156,4.026
Apr 17 2021 19:07:08.000 UTC,1618711628.000,13363,34.49717810,-116.95506400,21,3,44,104,47,0x03,4,19,21,156,4.026
Apr 17 2021 19:07:08.100 UTC,1618711628.100,13373,34.49718650,-116.95505320,21,3,44,101,47,0x03,3,18,21,156,4.026
Apr 17 2021 19:07:08.200 UTC,1618711628.200,13383,34.49719490,-116.95504240,21,3,44,97,47,0x03,3,18,21,156,4.026
Apr 17 2021 19:07:08.300 UTC,1618711628.300,13393,34.49720320,-116.95503160,21,3,44,94,47,0x03,3,17,21,156,4.026
Apr 17 2021 19:07:08.400 UTC,1618711628.400,13402,34.49721160,-116.95502090,21,3,44,91,47,0x03,1,16,21,156,4.026
Apr 17 2021 19:07:08.500 UTC,1618711628.500,13411,34.49721980,-116.95501010,21,3,44,87,47,0x03,2,16,21,156,4.026
Apr 17 2021 19:07:08.600 UTC,1618711628.600,13420,34.49722810,-116.95499930,21,3,44,84,47,0x03,2,16,21,156,4.026
Apr 17 2021 19:07:08.700 UTC,1618711628.700,13428,34.49723630,-116.95498850,21,3,44,81,47,0x03,2,17,21,155,4.026
Apr 17 2021 19:07:08.800 UTC,1618711628.800,13436,34.49724460,-116.95497780,21,3,44,78,47,0x03,2,17,21,155,4.026
Apr 17 2021 19:07:08.900 UTC,1618711628.900,13444,34.49725280,-116.95496700,21,3,44,74,47,0x03,2,17,21,155,4.026
Apr 17 2021 19:07:09.000 UTC,1618711629.000,13451,34.49726090,-116.95495640,21,3,44,71,47,0x03,2,17,21,155,4.026
Apr 17 2021 19:07:09.100 UTC,1618711629.100,13459,34.49726910,-116.95494560,21,3,44,68,47,0x03,2,18,21,155,4.026
Apr 17 2021 19:07:09.200 UTC,1618711629.200,13465,34.49727730,-116.95493500,21,3,44,64,47,0x03,3,18,21,155,4.026
Apr 17 2021 19:07:09.300 UTC,1618711629.300,13472,34.49728540,-116.95492430,21,3,44,62,47,0x03,3,20,21,155,4.026
Apr 17 2021 19:07:09.400 UTC,1618711629.400,13478,34.49729350,-116.95491360,21,3,43,58,47,0x03,4,19,21,155,4.026
Apr 17 2021 19:07:09.500 UTC,1618711629.500,13484,34.49730170,-116.95490300,21,3,44,55,47,0x03,4,19,21,155,4.026
Apr 17 2021 19:07:09.600 UTC,1618711629.600,13489,34.49730990,-116.95489240,21,3,43,52,47,0x03,5,19,21,155,4.026
Apr 17 2021 19:07:09.700 UTC,1618711629.700,13494,34.49731810,-116.95488180,21,3,43,48,47,0x03,6,19,21,158,4.026
Apr 17 2021 19:07:09.800 UTC,1618711629.800,13499,34.49732630,-116.95487120,21,3,43,45,47,0x03,6,19,21,158,4.026
Apr 17 2021 19:07:09.900 UTC,1618711629.900,13504,34.49733450,-116.95486060,21,3,43,42,47,0x03,6,19,21,158,4.026
Apr 17 2021 19:07:10.000 UTC,1618711630.000,13508,34.49734270,-116.95485000,21,3,43,38,47,0x03,7,19,21,158,4.026
Apr 17 2021 19:07:10.100 UTC,1618711630.100,13512,34.49735100,-116.95483930,21,3,43,35,47,0x03,7,18,21,158,4.026
Apr 17 2021 19:07:10.200 UTC,1618711630.200,13516,34.49735910,-116.95482870,21,3,43,32,47,0x03,7,19,21,158,4.026
Apr 17 2021 19:07:10.300 UTC,1618711630.300,13519,34.49736750,-116.95481810,21,3,43,29,47,0x03,7,18,21,158,4.026
Apr 17 2021 19:07:10.400 UTC,1618711630.400,13523,34.49737590,-116.95480750,21,3,43,26,47,0x03,8,18,21,158,4.026
Apr 17 2021 19:07:10.500 UTC,1618711630.500,13526,34.49738420,-116.95479680,21,3,43,23,47,0x03,9,18,21,158,4.026
Apr 17 2021 19:07:10.600 UTC,1618711630.600,13528,34.49739260,-116.95478620,21,3,43,20,47,0x03,9,18,21,158,4.026
Apr 17 2021 19:07:10.700 UTC,1618711630.700,13531,34.49740100,-116.95477560,21,3,43,16,47,0x03,9,18,21,160,4.026
Apr 17 2021 19:07:10.800 UTC,1618711630.800,13532,34.49740920,-116.95476500,21,3,43,13,47,0x03,9,18,21,160,4.026
Apr 17 2021 19:07:10.900 UTC,1618711630.900,13534,34.49741750,-116.95475440,21,3,43,10,47,0x03,9,18,21,160,4.026
Apr 17 2021 19:07:11.000 UTC,1618711631.000,13535,34.49742570,-116.95474380,21,3,43,7,47,0x03,10,18,21,160,4.026
Apr 17 2021 19:07:11.100 UTC,1618711631.100,13537,34.49743540,-116.95473220,20,3,54,11,42,0x03,8,17,20,160,4.026
Apr 17 2021 19:07:11.200 UTC,1618711631.200,13538,34.49744670,-116.95472020,21,3,54,7,42,0x03,9,18,21,160,4.026
Apr 17 2021 19:07:11.300 UTC,1618711631.300,13539,34.49745740,-116.95470840,20,3,52,3,42,0x03,8,17,20,160,4.026
Apr 17 2021 19:07:11.400 UTC,1618711631.400,13539,34.49746770,-116.95469660,21,3,51,0,43,0x03,9,18,21,160,4.026
Apr 17 2021 19:07:11.500 UTC,1618711631.500,13539,34.49747800,-116.95468480,21,3,51,-2,43,0x03,9,18,21,160,4.026
Apr 17 2021 19:07:11.600 UTC,1618711631.600,13538,34.49748790,-116.95467320,21,3,48,-7,45,0x03,9,18,21,160,4.026
Apr 17 2021 19:07:11.700 UTC,1618711631.700,13538,34.49749540,-116.95466280,20,3,35,-11,55,0x03,8,17,20,160,4.026
Apr 17 2021 19:07:11.800 UTC,1618711631.800,13537,34.49750140,-116.95465310,20,3,36,-15,53,0x03,10,17,20,160,4.026
Apr 17 2021 19:07:11.900 UTC,1618711631.900,13535,34.49750750,-116.95464340,21,3,36,-18,54,0x03,10,18,21,160,4.026
Apr 17 2021 19:07:12.000 UTC,1618711632.000,13533,34.49751330,-116.95463380,21,3,35,-22,54,0x03,9,18,21,160,4.026
Apr 17 2021 19:07:12.100 UTC,1618711632.100,13531,34.49751910,-116.95462430,21,3,35,-26,53,0x03,9,18,21,160,4.026
Apr 17 2021 19:07:12.200 UTC,1618711632.200,13528,34.49752510,-116.95461490,21,3,34,-30,53,0x03,6,18,21,160,4.026
Apr 17 2021 19:07:12.300 UTC,1618711632.300,13525,34.49753050,-116.95460590,21,3,31,-34,56,0x03,8,18,21,160,4.026
Apr 17 2021 19:07:12.400 UTC,1618711632.400,13522,34.49753500,-116.95459740,21,3,28,-35,60,0x03,7,18,21,160,4.026
Apr 17 2021 19:07:12.500 UTC,1618711632.500,13519,34.49753840,-116.95458930,21,3,26,-34,67,0x03,6,18,21,160,4.026
Apr 17 2021 19:07:12.600 UTC,1618711632.600,13515,34.49754120,-116.95458100,21,3,27,-31,68,0x03,6,18,21,160,4.026
Apr 17 2021 19:07:12.700 UTC,1618711632.700,13512,34.49754440,-116.95457250,21,3,28,-31,62,0x03,6,19,21,145,4.026
Apr 17 2021 19:07:12.800 UTC,1618711632.800,13509,34.49754810,-116.95456390,20,3,29,-34,62,0x03,8,18,20,145,4.026
Apr 17 2021 19:07:12.900 UTC,1618711632.900,13506,34.49755190,-116.95455520,21,3,29,-37,62,0x03,9,18,21,145,4.026
Apr 17 2021 19:07:13.000 UTC,1618711633.000,13502,34.49755570,-116.95454630,21,3,30,-39,62,0x03,10,18,21,145,4.026
Apr 17 2021 19:07:13.100 UTC,1618711633.100,13498,34.49755940,-116.95453720,21,3,30,-41,63,0x03,10,17,21,145,4.026
Apr 17 2021 19:07:13.200 UTC,1618711633.200,13494,34.49756310,-116.95452810,21,3,29,-43,64,0x03,6,17,21,145,4.026
Apr 17 2021 19:07:13.300 UTC,1618711633.300,13489,34.49756640,-116.95451900,21,3,29,-45,65,0x03,5,17,21,145,4.026
Apr 17 2021 19:07:13.400 UTC,1618711633.400,13485,34.49756980,-116.95451030,21,3,27,-47,64,0x03,5,17,21,145,4.026
Apr 17 2021 19:07:13.500 UTC,1618711633.500,13480,34.49757300,-116.95450180,21,3,27,-48,63,0x03,6,17,21,145,4.026
Apr 17 2021 19:07:13.600 UTC,1618711633.600,13475,34.49757620,-116.95449340,21,3,27,-49,63,0x03,6,17,21,145,4.026
Apr 17 2021 19:07:13.700 UTC,1618711633.700,13470,34.49757930,-116.95448530,21,3,27,-50,65,0x03,6,16,21,160,4.026
Apr 17 2021 19:07:14.000 UTC,1618711634.000,13454,34.49758610,-116.95445990,21,3,25,-55,75,0x03,6,16,21,160,4.026
Apr 17 2021 19:07:15.000 UTC,1618711635.000,13399,34.49759360,-116.95439960,21,3,14,-60,58,0x03,12,19,21,160,4.023
Apr 17 2021 19:07:16.000 UTC,1618711636.000,13339,34.49762640,-116.95434590,20,3,18,-60,50,0x03,1,17,20,160,4.023
Apr 17 2021 19:07:17.000 UTC,1618711637.000,13278,34.49764420,-116.95430260,21,3,14,-60,83,0x03,5,18,21,154,4.025
Apr 17 2021 19:07:18.000 UTC,1618711638.000,13217,34.49765440,-116.95426560,19,3,19,-64,107,0x03,11,17,19,161,4.025
Apr 17 2021 19:07:19.000 UTC,1618711639.000,13155,34.49762490,-116.95422510,21,3,16,-67,137,0x03,5,18,21,156,4.025
Apr 17 2021 19:07:20.000 UTC,1618711640.000,13089,34.49761390,-116.95417550,21,3,22,-64,101,0x03,1,18,21,157,4.025
Apr 17 2021 19:07:21.000 UTC,1618711641.000,13022,34.49758860,-116.95409470,21,3,26,-59,105,0x03,8,16,21,157,4.026
Apr 17 2021 19:07:22.000 UTC,1618711642.000,12962,34.49757510,-116.95401360,20,3,29,-60,87,0x03,2,16,20,154,4.026
Apr 17 2021 19:07:23.000 UTC,1618711643.000,12898,34.49757670,-116.95391710,21,3,30,-70,68,0x03,6,19,21,158,4.024
Apr 17 2021 19:07:24.000 UTC,1618711644.000,12838,34.49760690,-116.95382660,21,3,26,-58,59,0x03,2,16,21,155,4.024
Apr 17 2021 19:07:25.000 UTC,1618711645.000,12780,34.49762850,-116.95375790,21,3,18,-59,80,0x03,4,18,21,149,4.024
Apr 17 2021 19:07:26.000 UTC,1618711646.000,12717,34.49764200,-116.95370460,19,3,21,-52,98,0x03,0,15,19,149,4.024
Apr 17 2021 19:07:37.000 UTC,1618711657.000,12059,34.49781270,-116.95301860,21,3,32,-58,57,0x03,3,18,21,146,4.026
Apr 17 2021 19:07:28.000 UTC,1618711648.000,12594,34.49765950,-116.95354570,21,3,35,-57,106,0x03,2,19,20,148,4.023
Apr 17 2021 19:07:29.000 UTC,1618711649.000,12531,34.49762320,-116.95347350,21,3,12,-64,127,0x03,0,15,21,158,4.024
Apr 17 2021 19:07:30.000 UTC,1618711650.000,12468,34.49762000,-116.95344010,21,3,8,-61,94,0x03,4,18,21,154,4.024
Apr 17 2021 19:07:31.000 UTC,1618711651.000,12410,34.49764040,-116.95341330,21,3,20,-57,38,0x03,0,15,21,152,4.023
Apr 17 2021 19:07:32.000 UTC,1618711652.000,12354,34.49769230,-116.95334970,21,3,33,-57,59,0x03,12,19,21,154,4.023
Apr 17 2021 19:07:33.000 UTC,1618711653.000,12297,34.49770380,-116.95324920,21,3,25,-57,100,0x03,12,20,21,157,4.025
Apr 17 2021 19:07:34.000 UTC,1618711654.000,12238,34.49769330,-116.95319430,21,3,8,-58,84,0x03,12,19,21,154,4.025
Apr 17 2021 19:07:35.000 UTC,1618711655.000,12177,34.49771620,-116.95316050,21,3,15,-61,52,0x03,10,18,21,142,4.023
Apr 17 2021 19:07:36.000 UTC,1618711656.000,12117,34.49775880,-116.95309920,21,3,28,-57,52,0x03,3,20,21,142,4.023
Apr 17 2021 19:07:37.000 UTC,1618711657.000,12059,34.49781270,-116.95301860,21,3,32,-58,57,0x03,3,18,21,146,4.026
Apr 17 2021 19:07:38.000 UTC,1618711658.000,12003,34.49783110,-116.95293760,21,3,12,-57,95,0x03,8,19,21,154,4.026
Apr 17 2021 19:07:39.000 UTC,1618711659.000,11943,34.49783980,-116.95291210,21,3,11,-61,41,0x03,0,19,21,144,4.023
Apr 17 2021 19:07:40.000 UTC,1618711660.000,11882,34.49787120,-116.95287940,21,3,17,-60,42,0x03,3,18,21,144,4.023
Apr 17 2021 19:07:41.000 UTC,1618711661.000,11822,34.49790700,-116.95285100,21,3,18,-57,31,0x03,0,16,21,144,4.026
Apr 17 2021 19:07:42.000 UTC,1618711662.000,11764,34.49794240,-116.95279910,21,3,21,-60,65,0x03,4,20,21,150,4.026
Apr 17 2021 19:07:43.000 UTC,1618711663.000,11706,34.49795400,-116.95273280,21,3,25,-60,72,0x03,4,17,21,150,4.023
Apr 17 2021 19:07:44.000 UTC,1618711664.000,11644,34.49796360,-116.95265020,21,3,25,-72,80,0x03,10,18,20,147,4.023
Apr 17 2021 19:07:45.000 UTC,1618711665.000,11574,34.49796480,-116.95258500,21,3,24,-63,90,0x03,3,19,21,141,4.025
Apr 17 2021 19:07:46.000 UTC,1618711666.000,11513,34.49797320,-116.95252190,20,3,6,-60,60,0x03,1,19,20,150,4.025
Apr 17 2021 19:07:57.000 UTC,1618711677.000,10879,34.49791850,-116.95241970,20,3,4,-55,26,0x03,1,16,20,144,4.023
Apr 17 2021 19:07:48.000 UTC,1618711668.000,11400,34.49800770,-116.95247480,21,3,5,-57,-166,0x03,3,19,21,139,4.022
Apr 17 2021 19:07:49.000 UTC,1618711669.000,11343,34.49798160,-116.95246750,21,3,10,-61,-178,0x03,4,18,21,156,4.024
Apr 17 2021 19:07:50.000 UTC,1618711670.000,11281,34.49796510,-116.95245750,21,3,10,-59,138,0x03,2,15,21,154,4.024
Apr 17 2021 19:07:52.000 UTC,1618711672.000,11163,34.49794550,-116.95239970,21,3,2,-58,116,0x03,3,21,21,155,4.021
Apr 17 2021 19:07:53.000 UTC,1618711673.000,11107,34.49795470,-116.95240180,20,3,7,-55,-55,0x03,4,20,20,153,4.024
Apr 17 2021 19:07:54.000 UTC,1618711674.000,11053,34.49794500,-116.95242400,21,3,15,-57,-127,0x03,5,19,21,146,4.024
Apr 17 2021 19:07:55.000 UTC,1618711675.000,10994,34.49791790,-116.95245400,21,3,8,-56,-175,0x03,3,18,21,150,4.022
Apr 17 2021 19:07:56.000 UTC,1618711676.000,10936,34.49791690,-116.95244140,21,3,7,-56,91,0x03,1,17,21,150,4.022
Apr 17 2021 19:07:57.000 UTC,1618711677.000,10879,34.49791850,-116.95241970,20,3,4,-55,26,0x03,1,16,20,144,4.023
Apr 17 2021 19:08:07.000 UTC,1618711687.000,10292,34.49795050,-116.95241350,21,3,20,-62,139,0x03,1,15,20,154,4.021
Apr 17 2021 19:07:58.000 UTC,1618711678.000,10822,34.49793920,-116.95242040,21,3,9,-56,29,0x03,7,18,21,143,4.023
Apr 17 2021 19:07:59.000 UTC,1618711679.000,10769,34.49796340,-116.95242270,21,3,6,-53,-72,0x03,5,17,21,144,4.020
Apr 17 2021 19:08:00.000 UTC,1618711680.000,10713,34.49795580,-116.95246490,21,3,10,-56,-161,0x03,1,16,21,153,4.020
Apr 17 2021 19:08:01.000 UTC,1618711681.000,10656,34.49793290,-116.95247080,21,3,14,-56,172,0x03,2,19,21,152,4.024
Apr 17 2021 19:08:02.000 UTC,1618711682.000,10597,34.49791520,-116.95245260,21,3,7,-60,97,0x03,3,17,21,141,4.024
Apr 17 2021 19:08:03.000 UTC,1618711683.000,10538,34.49792370,-116.95245520,21,3,6,-57,-26,0x03,2,19,21,145,4.019
Apr 17 2021 19:08:04.000 UTC,1618711684.000,10482,34.49794550,-116.95247180,21,3,10,-57,4,0x03,0,15,21,145,4.019
Apr 17 2021 19:08:05.000 UTC,1618711685.000,10420,34.49795990,-116.95244240,21,3,6,-67,109,0x03,1,15,20,156,4.023
Apr 17 2021 19:08:06.000 UTC,1618711686.000,10354,34.49795460,-116.95243820,21,3,3,-62,-9,0x03,1,14,21,148,4.023
Apr 17 2021 19:08:17.000 UTC,1618711697.000,9711,34.49759640,-116.95236170,21,3,9,-58,178,0x03,2,16,21,148,4.022
Apr 17 2021 19:08:08.000 UTC,1618711688.000,10224,34.49791570,-116.95239900,21,3,7,-65,151,0x03,3,14,21,148,4.021
Apr 17 2021 19:08:09.000 UTC,1618711689.000,10162,34.49790160,-116.95238000,21,3,11,-58,141,0x03,2,15,21,149,4.022
Apr 17 2021 19:08:10.000 UTC,1618711690.000,10104,34.49784970,-116.95235720,21,3,23,-59,170,0x03,2,16,21,155,4.022
Apr 17 2021 19:08:11.000 UTC,1618711691.000,10044,34.49779340,-116.95234030,20,3,18,-60,-177,0x03,6,18,20,154,4.020
Apr 17 2021 19:08:12.000 UTC,1618711692.000,9987,34.49774500,-116.95232170,21,3,15,-53,139,0x03,2,14,21,148,4.020
Apr 17 2021 19:08:13.000 UTC,1618711693.000,9933,34.49769050,-116.95230160,21,3,20,-59,-170,0x03,8,20,21,161,4.022
Apr 17 2021 19:08:14.000 UTC,1618711694.000,9878,34.49763820,-116.95233310,21,3,22,-54,-136,0x03,2,18,21,161,4.022
Apr 17 2021 19:08:15.000 UTC,1618711695.000,9825,34.49762520,-116.95236220,21,3,2,-53,-104,0x03,0,13,21,154,4.019
Apr 17 2021 19:08:16.000 UTC,1618711696.000,9769,34.49761970,-116.95236420,21,3,6,-55,173,0x03,1,18,21,148,4.019
Apr 17 2021 19:08:17.000 UTC,1618711697.000,9711,34.49759640,-116.95236170,21,3,9,-58,178,0x03,2,16,21,148,4.022
Apr 17 2021 19:08:18.000 UTC,1618711698.000,9653,34.49757860,-116.95235770,21,3,8,-55,162,0x03,2,15,20,148,4.022
Apr 17 2021 19:08:19.000 UTC,1618711699.000,9599,34.49754930,-116.95236810,21,3,12,-50,-143,0x03,0,17,20,154,4.020
Apr 17 2021 19:08:20.000 UTC,1618711700.000,9548,34.49755090,-116.95239170,21,3,8,-51,1,0x03,0,17,18,155,4.020
Apr 17 2021 19:08:21.000 UTC,1618711701.000,9495,34.49757940,-116.95237210,21,3,13,-56,52,0x03,6,20,21,156,4.020
Apr 17 2021 19:08:22.000 UTC,1618711702.000,9440,34.49757470,-116.95233200,21,3,15,-53,125,0x03,8,17,21,150,4.020
Apr 17 2021 19:08:23.000 UTC,1618711703.000,9388,34.49753770,-116.95232460,21,3,13,-49,-147,0x03,5,18,21,159,4.020
Apr 17 2021 19:08:24.000 UTC,1618711704.000,9337,34.49753110,-116.95236900,21,3,13,-52,-64,0x03,15,19,21,148,4.020
Apr 17 2021 19:08:25.000 UTC,1618711705.000,9282,34.49755770,-116.95238320,21,3,8,-55,28,0x03,5,20,21,156,4.022
Apr 17 2021 19:08:26.000 UTC,1618711706.000,9227,34.49756190,-116.95237010,20,3,5,-56,143,0x03,8,18,20,149,4.022
Apr 17 2021 19:08:27.000 UTC,1618711707.000,9171,34.49755490,-116.95237010,21,3,0,-56,-154,0x03,4,17,21,154,4.020
Apr 17 2021 19:08:28.000 UTC,1618711708.000,9111,34.49755180,-116.95237060,21,3,3,-61,154,0x03,5,18,21,152,4.020
Apr 17 2021 19:08:29.000 UTC,1618711709.000,9053,34.49753040,-116.95236790,21,3,10,-55,-157,0x03,2,19,21,157,4.022
Apr 17 2021 19:08:30.000 UTC,1618711710.000,8998,34.49751920,-116.95238170,21,3,2,-54,142,0x03,4,20,21,155,4.022
Apr 17 2021 19:08:31.000 UTC,1618711711.000,8944,34.49749230,-116.95238360,21,3,19,-60,-148,0x03,13,18,21,155,4.020
Apr 17 2021 19:08:32.000 UTC,1618711712.000,8885,34.49744860,-116.95240510,21,3,14,-56,160,0x03,2,20,21,160,4.020
Apr 17 2021 19:08:33.000 UTC,1618711713.000,8831,34.49740800,-116.95242960,21,3,18,-54,-172,0x03,8,20,21,153,4.021
Apr 17 2021 19:08:34.000 UTC,1618711714.000,8774,34.49736560,-116.95242920,21,3,16,-58,179,0x03,8,17,20,154,4.021
Apr 17 2021 19:08:35.000 UTC,1618711715.000,8717,34.49734060,-116.95239780,21,3,16,-54,135,0x03,2,19,21,146,4.019
Apr 17 2021 19:08:36.000 UTC,1618711716.000,8662,34.49731130,-116.95234760,21,3,18,-56,145,0x03,2,17,21,157,4.019
Apr 17 2021 19:08:37.000 UTC,1618711717.000,8604,34.49727470,-116.95234660,21,3,12,-58,-137,0x03,11,20,21,157,4.019
Apr 17 2021 19:08:38.000 UTC,1618711718.000,8544,34.49723290,-116.95237280,21,3,13,-52,-137,0x03,0,17,21,148,4.019
Apr 17 2021 19:08:39.000 UTC,1618711719.000,8487,34.49718090,-116.95240020,21,3,26,-51,-166,0x03,7,17,21,139,4.020
Apr 17 2021 19:08:40.000 UTC,1618711720.000,8431,34.49709870,-116.95239390,21,3,33,-64,160,0x03,4,18,21,155,4.020
Apr 17 2021 19:08:41.000 UTC,1618711721.000,8364,34.49704520,-116.95234470,21,3,6,-63,134,0x03,5,19,21,150,4.020
Apr 17 2021 19:08:42.000 UTC,1618711722.000,8306,34.49702870,-116.95234660,21,3,10,-56,-137,0x03,2,17,21,158,4.020
Apr 17 2021 19:08:43.000 UTC,1618711723.000,8252,34.49702930,-116.95238320,21,3,12,-56,-96,0x03,2,15,21,155,4.018
Apr 17 2021 19:08:44.000 UTC,1618711724.000,8196,34.49700930,-116.95241000,21,3,10,-55,-170,0x03,1,18,21,147,4.018
Apr 17 2021 19:08:45.000 UTC,1618711725.000,8142,34.49697570,-116.95240790,21,3,14,-52,159,0x03,3,16,20,151,4.020
Apr 17 2021 19:08:46.000 UTC,1618711726.000,8089,34.49693830,-116.95238340,21,3,18,-47,130,0x03,6,17,21,152,4.020
Apr 17 2021 19:08:47.000 UTC,1618711727.000,8037,34.49692590,-116.95235640,21,3,5,-53,26,0x03,0,15,21,156,4.018
Apr 17 2021 19:08:48.000 UTC,1618711728.000,7977,34.49693870,-116.95237080,21,3,9,-59,-93,0x03,3,16,21,154,4.018
Apr 17 2021 19:08:49.000 UTC,1618711729.000,7918,34.49691400,-116.95239020,21,3,15,-59,-150,0x03,3,17,21,155,4.019
Apr 17 2021 19:08:50.000 UTC,1618711730.000,7860,34.49686630,-116.95241010,21,3,18,-56,-170,0x03,2,17,21,151,4.019
Apr 17 2021 19:08:51.000 UTC,1618711731.000,7805,34.49682050,-116.95241550,21,3,12,-56,147,0x03,1,13,20,145,4.018
Apr 17 2021 19:08:52.000 UTC,1618711732.000,7746,34.49679060,-116.95239170,21,3,9,-60,123,0x03,0,17,20,148,4.018
Apr 17 2021 19:08:53.000 UTC,1618711733.000,7689,34.49677330,-116.95239910,21,3,5,-58,-158,0x03,8,20,21,138,4.019
Apr 17 2021 19:08:54.000 UTC,1618711734.000,7629,34.49675290,-116.95241030,21,3,14,-57,159,0x03,6,19,21,158,4.019
Apr 17 2021 19:08:55.000 UTC,1618711735.000,7572,34.49673110,-116.95244480,21,3,16,-62,-129,0x03,4,17,21,141,4.017
Apr 17 2021 19:08:56.000 UTC,1618711736.000,7509,34.49668680,-116.95247720,21,3,22,-60,-175,0x03,1,18,21,151,4.017
Apr 17 2021 19:08:57.000 UTC,1618711737.000,7449,34.49663470,-116.95247700,21,3,17,-54,-175,0x03,3,16,20,146,4.019
Apr 17 2021 19:08:58.000 UTC,1618711738.000,7395,34.49658620,-116.95246910,21,3,13,-59,166,0x03,3,14,21,156,4.019
Apr 17 2021 19:08:59.000 UTC,1618711739.000,7340,34.49656760,-116.95246960,20,3,8,-43,-173,0x03,1,16,20,150,4.017
Apr 17 2021 19:09:00.000 UTC,1618711740.000,7292,34.49655220,-116.95248340,21,3,10,-47,-145,0x03,1,17,21,152,4.017
Apr 17 2021 19:09:01.000 UTC,1618711741.000,7243,34.49654440,-116.95250680,21,3,5,-50,-68,0x03,1,16,21,153,4.018
Apr 17 2021 19:09:02.000 UTC,1618711742.000,7196,34.49654290,-116.95251150,21,3,7,-46,-177,0x03,1,16,21,155,4.018
Apr 17 2021 19:09:03.000 UTC,1618711743.000,7149,34.49650050,-116.95251740,21,3,18,-50,-161,0x03,2,16,21,158,4.017
Apr 17 2021 19:09:04.000 UTC,1618711744.000,7097,34.49646070,-116.95253550,21,3,11,-54,-158,0x03,1,17,21,148,4.017
Apr 17 2021 19:09:05.000 UTC,1618711745.000,7043,34.49643120,-116.95255820,21,3,16,-51,-146,0x03,2,15,21,155,4.018
Apr 17 2021 19:09:06.000 UTC,1618711746.000,6994,34.49640050,-116.95260640,21,3,17,-47,-108,0x03,0,16,20,153,4.018
Apr 17 2021 19:09:07.000 UTC,1618711747.000,6948,34.49640240,-116.95264520,21,3,5,-45,-73,0x03,4,18,21,152,4.016
Apr 17 2021 19:09:08.000 UTC,1618711748.000,6899,34.49639460,-116.95266130,21,3,7,-53,-129,0x03,1,17,20,152,4.016
Apr 17 2021 19:09:09.000 UTC,1618711749.000,6846,34.49638080,-116.95268480,21,3,8,-51,-137,0x03,1,18,21,148,4.018
Apr 17 2021 19:09:10.000 UTC,1618711750.000,6796,34.49635510,-116.95271460,21,3,16,-50,-111,0x03,1,16,21,157,4.018
Apr 17 2021 19:09:11.000 UTC,1618711751.000,6745,34.49633400,-116.95276910,21,3,20,-50,-121,0x03,4,18,21,157,4.016
Apr 17 2021 19:09:12.000 UTC,1618711752.000,6696,34.49633440,-116.95283700,21,3,21,-50,-60,0x03,9,16,21,140,4.016
Apr 17 2021 19:09:13.000 UTC,1618711753.000,6644,34.49635970,-116.95288450,21,3,11,-53,-81,0x03,1,18,21,143,4.019
Apr 17 2021 19:09:14.000 UTC,1618711754.000,6591,34.49637100,-116.95290540,21,3,7,-55,-62,0x03,2,16,21,148,4.019
Apr 17 2021 19:09:15.000 UTC,1618711755.000,6536,34.49637510,-116.95292720,21,3,8,-52,-111,0x03,1,17,21,149,4.015
Apr 17 2021 19:09:16.000 UTC,1618711756.000,6485,34.49635910,-116.95296240,21,3,19,-48,-107,0x03,0,14,21,157,4.015
Apr 17 2021 19:09:17.000 UTC,1618711757.000,6437,34.49636660,-116.95302660,21,3,18,-49,-52,0x03,5,17,21,144,4.017
Apr 17 2021 19:09:18.000 UTC,1618711758.000,6387,34.49639490,-116.95305390,21,3,7,-51,-16,0x03,0,17,21,152,4.017
Apr 17 2021 19:09:19.000 UTC,1618711759.000,6332,34.49640130,-116.95306530,21,3,4,-55,-108,0x03,1,13,21,151,4.015
Apr 17 2021 19:09:20.000 UTC,1618711760.000,6276,34.49639670,-116.95309010,21,3,7,-56,-85,0x03,1,15,21,145,4.015
Apr 17 2021 19:09:21.000 UTC,1618711761.000,6220,34.49638670,-116.95311480,21,3,13,-54,-131,0x03,2,17,20,154,4.016
Apr 17 2021 19:09:22.000 UTC,1618711762.000,6166,34.49637660,-116.95316400,20,3,16,-53,-90,0x03,5,17,20,150,4.016
Apr 17 2021 19:09:23.000 UTC,1618711763.000,6114,34.49638750,-116.95320730,21,3,9,-50,-55,0x03,1,17,21,145,4.014
Apr 17 2021 19:09:24.000 UTC,1618711764.000,6061,34.49639270,-116.95320830,20,3,7,-56,176,0x03,2,15,20,153,4.014
Apr 17 2021 19:09:25.000 UTC,1618711765.000,6007,34.49636040,-116.95320850,20,3,15,-53,-164,0x03,2,14,19,153,4.016
Apr 17 2021 19:09:26.000 UTC,1618711766.000,5953,34.49630930,-116.95325650,21,3,28,-54,-128,0x03,1,18,21,156,4.016
Apr 17 2021 19:09:27.000 UTC,1618711767.000,5895,34.49628690,-116.95334570,21,3,26,-60,-88,0x03,7,20,21,152,4.016
Apr 17 2021 19:09:28.000 UTC,1618711768.000,5834,34.49629580,-116.95342470,20,3,24,-60,-80,0x03,9,18,20,157,4.016
Apr 17 2021 19:09:29.000 UTC,1618711769.000,5770,34.49630020,-116.95351740,21,3,27,-63,-95,0x03,5,18,21,150,4.017
Apr 17 2021 19:09:30.000 UTC,1618711770.000,5705,34.49628390,-116.95359160,21,3,16,-66,-98,0x03,3,17,20,150,4.017
Apr 17 2021 19:09:31.000 UTC,1618711771.000,5636,34.49628970,-116.95364070,21,3,19,-65,-61,0x03,1,16,21,150,4.014
Apr 17 2021 19:09:32.000 UTC,1618711772.000,5574,34.49627330,-116.95373150,21,3,29,-60,-108,0x03,1,15,21,138,4.014
Apr 17 2021 19:09:33.000 UTC,1618711773.000,5516,34.49625830,-116.95382040,21,3,28,-53,-101,0x03,2,16,21,150,4.015
Apr 17 2021 19:09:34.000 UTC,1618711774.000,5462,34.49623570,-116.95388750,20,3,17,-55,-112,0x03,1,17,20,150,4.015
Apr 17 2021 19:09:35.000 UTC,1618711775.000,5407,34.49622150,-116.95392680,20,3,9,-51,-48,0x03,0,16,20,143,4.014
Apr 17 2021 19:09:36.000 UTC,1618711776.000,5348,34.49624550,-116.95399910,21,3,23,-57,-71,0x03,6,19,21,138,4.014
Apr 17 2021 19:09:37.000 UTC,1618711777.000,5292,34.49626630,-116.95408280,21,3,25,-55,-66,0x03,2,16,21,150,4.015
Apr 17 2021 19:09:38.000 UTC,1618711778.000,5237,34.49627010,-116.95414320,21,3,21,-54,-131,0x03,3,19,21,160,4.015
Apr 17 2021 19:09:39.000 UTC,1618711779.000,5177,34.49623740,-116.95416030,19,3,13,-58,-153,0x03,2,14,19,158,4.012
Apr 17 2021 19:09:40.000 UTC,1618711780.000,5119,34.49622410,-116.95417440,21,3,8,-49,-136,0x03,2,17,21,157,4.012
Apr 17 2021 19:09:41.000 UTC,1618711781.000,5063,34.49621770,-116.95416530,20,3,2,-56,26,0x03,1,15,20,151,4.014
Apr 17 2021 19:09:42.000 UTC,1618711782.000,5008,34.49623530,-116.95418280,20,3,14,-55,-70,0x03,4,16,20,142,4.014
Apr 17 2021 19:09:43.000 UTC,1618711783.000,4953,34.49623920,-116.95424720,21,3,23,-57,-97,0x03,2,18,21,142,4.014
Apr 17 2021 19:09:44.000 UTC,1618711784.000,4890,34.49622090,-116.95430850,19,3,8,-59,-106,0x03,1,15,19,155,4.014
Apr 17 2021 19:09:45.000 UTC,1618711785.000,4830,34.49620080,-116.95434980,21,3,18,-57,-120,0x03,2,15,21,156,4.015
Apr 17 2021 19:09:46.000 UTC,1618711786.000,4770,34.49617650,-116.95439970,21,3,15,-59,-122,0x03,6,17,21,153,4.015
Apr 17 2021 19:09:47.000 UTC,1618711787.000,4714,34.49616100,-116.95446340,20,3,19,-54,-115,0x03,2,17,20,154,4.013
Apr 17 2021 19:09:48.000 UTC,1618711788.000,4657,34.49613850,-116.95450740,19,3,14,-52,-138,0x03,3,18,19,148,4.013
Apr 17 2021 19:09:49.000 UTC,1618711789.000,4601,34.49612070,-116.95453620,19,3,11,-47,172,0x03,4,19,19,162,4.015
Apr 17 2021 19:09:50.000 UTC,1618711790.000,4546,34.49613280,-116.95455920,21,3,18,-60,-85,0x03,0,15,21,160,4.015
Apr 17 2021 19:09:51.000 UTC,1618711791.000,4487,34.49612870,-116.95462520,19,3,20,-56,-112,0x03,2,14,19,165,4.012
Apr 17 2021 19:09:52.000 UTC,1618711792.000,4434,34.49613210,-116.95469160,20,3,15,-56,-45,0x03,7,16,19,158,4.012
Apr 17 2021 19:09:53.000 UTC,1618711793.000,4374,34.49616160,-116.95471160,21,3,9,-62,-17,0x03,2,17,21,156,4.015
Apr 17 2021 19:09:54.000 UTC,1618711794.000,4315,34.49618000,-116.95474430,21,3,12,-57,-52,0x03,4,17,20,152,4.015
Apr 17 2021 19:09:55.000 UTC,1618711795.000,4260,34.49619690,-116.95475600,19,3,1,-53,144,0x03,1,16,19,162,4.011
Apr 17 2021 19:09:56.000 UTC,1618711796.000,4203,34.49619300,-116.95476470,21,3,6,-56,-73,0x03,4,19,21,160,4.011
Apr 17 2021 19:09:57.000 UTC,1618711797.000,4151,34.49617550,-116.95479110,20,3,13,-50,-123,0x03,6,19,20,170,4.014
Apr 17 2021 19:09:58.000 UTC,1618711798.000,4101,34.49615280,-116.95482710,20,3,14,-53,-100,0x03,7,18,20,152,4.014
Apr 17 2021 19:09:59.000 UTC,1618711799.000,4043,34.49614640,-116.95487040,20,3,13,-56,-89,0x03,0,15,19,154,4.011
Apr 17 2021 19:10:00.000 UTC,1618711800.000,3986,34.49615600,-116.95492720,20,3,17,-53,-70,0x03,1,13,19,156,4.011
Apr 17 2021 19:10:01.000 UTC,1618711801.000,3931,34.49618070,-116.95498200,17,3,18,-52,-50,0x03,1,13,17,155,4.014
Apr 17 2021 19:10:02.000 UTC,1618711802.000,3875,34.49620470,-116.95500100,18,3,5,-60,177,0x03,5,16,18,157,4.014
Apr 17 2021 19:10:03.000 UTC,1618711803.000,3816,34.49618290,-116.95502140,18,3,14,-59,-119,0x03,3,15,18,165,4.011
Apr 17 2021 19:10:04.000 UTC,1618711804.000,3761,34.49615510,-116.95506210,20,3,20,-52,-129,0x03,2,16,20,169,4.011
Apr 17 2021 19:10:05.000 UTC,1618711805.000,3707,34.49614930,-116.95514110,18,3,28,-53,-70,0x03,3,18,18,165,4.013
Apr 17 2021 19:10:06.000 UTC,1618711806.000,3654,34.49617830,-116.95520910,20,3,18,-55,-61,0x03,6,17,20,160,4.013
Apr 17 2021 19:10:07.000 UTC,1618711807.000,3599,34.49619920,-116.95526200,21,3,15,-37,-44,0x03,3,12,19,156,4.011
Apr 17 2021 19:10:08.000 UTC,1618711808.000,3573,34.49620610,-116.95532040,18,3,20,-19,-82,0x03,9,17,18,162,4.011
Apr 17 2021 19:10:09.000 UTC,1618711809.000,3549,34.49622260,-116.95538040,19,3,20,-18,-52,0x03,10,16,19,161,4.014
Apr 17 2021 19:10:10.000 UTC,1618711810.000,3531,34.49625920,-116.95545350,20,3,27,-19,-66,0x03,7,17,20,161,4.014
Apr 17 2021 19:10:11.000 UTC,1618711811.000,3511,34.49627350,-116.95552370,18,3,14,-18,-62,0x03,9,14,18,155,4.012
Apr 17 2021 19:10:12.000 UTC,1618711812.000,3491,34.49630340,-116.95556620,20,3,14,-18,-42,0x03,6,15,20,154,4.012
Apr 17 2021 19:10:13.000 UTC,1618711813.000,3467,34.49630130,-116.95558280,18,3,13,-28,-154,0x03,2,14,18,164,4.014
Apr 17 2021 19:10:14.000 UTC,1618711814.000,3445,34.49626720,-116.95562880,19,3,19,-23,-114,0x03,4,16,18,157,4.014
Apr 17 2021 19:10:15.000 UTC,1618711815.000,3420,34.49624820,-116.95569390,16,3,22,-24,-110,0x03,7,15,16,164,4.011
Apr 17 2021 19:10:16.000 UTC,1618711816.000,3396,34.49621860,-116.95577310,20,3,26,-22,-112,0x03,8,19,20,157,4.011
Apr 17 2021 19:10:17.000 UTC,1618711817.000,3372,34.49621220,-116.95585340,19,3,25,-24,-81,0x03,6,17,19,160,4.014
Apr 17 2021 19:10:18.000 UTC,1618711818.000,3350,34.49622400,-116.95594140,19,3,24,-19,-79,0x03,6,18,19,162,4.014
Apr 17 2021 19:10:19.000 UTC,1618711819.000,3331,34.49625450,-116.95600370,20,3,21,-18,-48,0x03,9,17,20,152,4.012
Apr 17 2021 19:10:20.000 UTC,1618711820.000,3314,34.49627570,-116.95605090,19,3,9,-19,-95,0x03,6,16,19,175,4.012
Apr 17 2021 19:10:21.000 UTC,1618711821.000,3294,34.49626680,-116.95606590,19,3,3,-19,-136,0x03,9,16,19,158,4.014
Apr 17 2021 19:10:22.000 UTC,1618711822.000,3273,34.49624970,-116.95609680,21,3,20,-23,-126,0x03,12,19,21,160,4.014
Apr 17 2021 19:10:23.000 UTC,1618711823.000,3248,34.49621260,-116.95616210,18,3,26,-24,-120,0x03,9,18,18,160,4.011
Apr 17 2021 19:10:24.000 UTC,1618711824.000,3224,34.49618910,-116.95624380,20,3,27,-25,-102,0x03,10,18,20,154,4.011
Apr 17 2021 19:10:25.000 UTC,1618711825.000,3199,34.49617700,-116.95633800,18,3,29,-25,-92,0x03,6,13,18,161,4.013
Apr 17 2021 19:10:26.000 UTC,1618711826.000,3176,34.49618180,-116.95643800,20,3,30,-23,-80,0x03,4,19,20,154,4.013
Apr 17 2021 19:10:37.000 UTC,1618711837.000,2948,34.49617810,-116.95715350,21,3,29,-21,-85,0x03,6,18,21,165,4.013
Apr 17 2021 19:10:28.000 UTC,1618711828.000,3132,34.49622810,-116.95661300,21,3,24,-21,-58,0x03,5,18,21,157,4.011
Apr 17 2021 19:10:29.000 UTC,1618711829.000,3111,34.49626270,-116.95667660,19,3,18,-22,-56,0x03,8,15,19,162,4.012
Apr 17 2021 19:10:30.000 UTC,1618711830.000,3089,34.49628610,-116.95671430,20,3,10,-21,-58,0x03,8,18,20,157,4.012
Apr 17 2021 19:10:31.000 UTC,1618711831.000,3069,34.49629260,-116.95674600,21,3,11,-23,-91,0x03,6,19,21,163,4.010
Apr 17 2021 19:10:32.000 UTC,1618711832.000,3048,34.49628840,-116.95677790,19,3,11,-21,-116,0x03,10,18,19,172,4.010
Apr 17 2021 19:10:33.000 UTC,1618711833.000,3027,34.49626410,-116.95681880,20,3,20,-21,-126,0x03,7,15,20,170,4.012
Apr 17 2021 19:10:34.000 UTC,1618711834.000,3007,34.49622950,-116.95688100,21,3,22,-19,-122,0x03,7,16,20,165,4.012
Apr 17 2021 19:10:35.000 UTC,1618711835.000,2987,34.49619660,-116.95695200,20,3,28,-21,-112,0x03,8,17,20,161,4.010
Apr 17 2021 19:10:36.000 UTC,1618711836.000,2968,34.49617540,-116.95705130,21,3,31,-20,-92,0x03,8,16,21,163,4.010
Apr 17 2021 19:10:37.000 UTC,1618711837.000,2948,34.49617810,-116.95715350,21,3,29,-21,-85,0x03,6,18,21,165,4.013
Apr 17 2021 19:10:38.000 UTC,1618711838.000,2927,34.49619130,-116.95724240,21,3,25,-22,-68,0x03,9,18,21,164,4.013
Apr 17 2021 19:10:39.000 UTC,1618711839.000,2904,34.49621880,-116.95730670,21,3,18,-23,-58,0x03,6,18,21,170,4.011
Apr 17 2021 19:10:40.000 UTC,1618711840.000,2882,34.49624120,-116.95735380,21,3,12,-22,-62,0x03,6,19,21,177,4.011
Apr 17 2021 19:10:41.000 UTC,1618711841.000,2861,34.49625540,-116.95738310,21,3,8,-16,-53,0x03,7,19,21,176,4.012
Apr 17 2021 19:10:42.000 UTC,1618711842.000,2850,34.49625900,-116.95740390,21,3,9,-5,-117,0x03,4,18,21,167,4.012
Apr 17 2021 19:10:43.000 UTC,1618711843.000,2846,34.49624910,-116.95742810,20,3,5,-2,-116,0x03,8,15,20,144,4.010
Apr 17 2021 19:10:44.000 UTC,1618711844.000,2846,34.49624840,-116.95744060,21,3,1,0,-92,0x03,5,15,21,144,4.010
Apr 17 2021 19:10:45.000 UTC,1618711845.000,2847,34.49624890,-116.95745500,21,3,5,0,-86,0x03,2,14,21,137,4.012
Apr 17 2021 19:10:46.000 UTC,1618711846.000,2847,34.49624740,-116.95746310,21,3,3,0,-114,0x03,1,15,19,130,4.012
