TRACKER,DATE,TIME,GS Lat,GS Lon,GS Alt asl,TRACKER Lat,TRACKER Lon,TRACKER Alt asl,FIX,HORZV,VERTV,HEAD,FLAGS,#TOT,>40,>32,>24,RSSI Down,RSSI Up,Horizontal range (ft),Alt AGL (ft),Total range (ft),LoRa Max Range (kft),LoRa Success Rate,BATT,GS_batt_v,Down Sent,Down Rcvd,Found Sent,Up Sent,Up Rccvd,Found rocket ID,Found rocket lat,Found rocket lon,Found rocket altitude,Found rocket fix,Found rocket batt_v,Found RSSI,GS_ASL_offset
Colleen5939,2026-01-18,10:45:45.282,39.27869,-109.03995,4925.6,39.27869,-109.03994,4917.0,3,0,0,104,0x01,29,7,17,0,-43,-60,1.19,-0.096,8.733,26.662,100%,3.398,4.122,811,789,0,789,785,,0.00000,0.00000,0.0,0,0.0,-50,-8.6
Colleen5939,2026-01-18,10:45:46.301,39.27869,-109.03995,4925.6,39.27869,-109.03994,4917.0,3,0,0,18,0x01,28,6,18,1,-43,-57,1.19,-0.066,8.710,26.662,100%,3.407,4.123,812,790,0,790,786,,0.00000,0.00000,0.0,0,0.0,-50,-8.6
Colleen5939,2026-01-18,10:45:47.291,39.27869,-109.03995,4925.6,39.27869,-109.03994,4917.0,3,0,0,123,0x01,29,6,18,1,-40,-57,1.19,-0.023,8.671,37.661,100%,3.407,4.122,813,791,0,791,787,,0.00000,0.00000,0.0,0,0.0,-50,-8.6
Colleen5939,2026-01-18,10:45:48.282,39.27869,-109.03995,4925.6,39.27869,-109.03994,4917.0,3,0,0,-30,0x01,29,5,19,1,-42,-53,1.19,-0.024,8.674,29.915,100%,3.409,4.124,814,792,0,792,788,,0.00000,0.00000,0.0,0,0.0,-50,-8.6
Colleen5939,2026-01-18,10:45:49.304,39.27869,-109.03995,4925.6,39.27869,-109.03994,4917.0,3,0,0,-28,0x01,28,5,19,1,-44,-53,1.16,-0.004,8.651,23.221,100%,3.409,4.122,815,793,0,793,789,,0.00000,0.00000,0.0,0,0.0,-50,-8.6
Colleen5939,2026-01-18,10:45:50.291,39.27869,-109.03995,4925.6,39.27869,-109.03994,4917.0,3,0,0,155,0x01,29,6,17,2,-43,-57,1.14,-0.016,8.661,25.448,100%,3.407,4.123,816,794,0,794,790,,0.00000,0.00000,0.0,0,0.0,-50,-8.6
Colleen5939,2026-01-18,10:45:51.281,39.27869,-109.03995,4925.6,39.27869,-109.03994,4917.1,3,0,0,-113,0x01,28,6,17,1,-46,-58,1.11,0.039,8.599,17.588,100%,3.407,4.121,817,795,0,795,791,,0.00000,0.00000,0.0,0,0.0,-50,-8.6
Colleen5939,2026-01-18,10:45:52.302,39.27869,-109.03995,4925.6,39.27869,-109.03994,4917.1,3,0,0,-49,0x01,29,6,18,0,-48,-60,1.08,0.083,8.543,13.631,100%,3.407,4.123,818,796,0,796,792,,0.00000,0.00000,0.0,0,0.0,-50,-8.6
Colleen5939,2026-01-18,10:45:53.292,39.27869,-109.03995,4925.6,39.27869,-109.03995,4917.2,3,0,0,-56,0x01,29,6,17,1,-50,-61,1.06,0.095,8.517,10.559,100%,3.363,4.123,819,797,0,797,793,,0.00000,0.00000,0.0,0,0.0,-50,-8.5
Colleen5939,2026-01-18,10:45:54.281,39.27869,-109.03995,4925.6,39.27869,-109.03995,4917.1,3,0,0,23,0x01,29,6,17,0,-53,-64,1.06,0.071,8.533,7.475,100%,3.363,4.123,820,798,0,798,794,,0.00000,0.00000,0.0,0,0.0,-50,-8.5
Colleen5939,2026-01-18,10:45:55.300,39.27869,-109.03995,4925.6,39.27869,-109.03994,4917.1,3,0,0,97,0x01,29,6,17,1,-45,-66,1.08,-0.002,8.608,19.255,100%,3.401,4.122,821,799,0,799,795,,0.00000,0.00000,0.0,0,0.0,-50,-8.5
Colleen5939,2026-01-18,10:45:56.290,39.27869,-109.03995,4925.6,39.27869,-109.03994,4917.0,3,0,0,16,0x01,29,6,17,2,-64,-66,1.08,-0.043,8.654,2.160,100%,3.401,4.123,822,800,0,800,796,,0.00000,0.00000,0.0,0,0.0,-50,-8.5
Colleen5939,2026-01-18,10:45:57.282,39.27869,-109.03995,4925.6,39.27869,-109.03994,4916.9,3,0,0,-168,0x01,29,7,16,2,-60,-81,1.08,-0.127,8.751,3.424,100%,3.406,4.121,823,801,0,801,797,,0.00000,0.00000,0.0,0,0.0,-50,-8.6
Colleen5939,2026-01-18,10:45:58.301,39.27869,-109.03995,4925.6,39.27869,-109.03994,4916.9,3,0,0,96,0x01,29,7,16,2,-66,-70,1.11,-0.179,8.826,1.759,100%,3.406,4.123,824,802,0,802,798,,0.00000,0.00000,0.0,0,0.0,-50,-8.6
Colleen5939,2026-01-18,10:45:59.290,39.27869,-109.03995,4925.6,39.27869,-109.03994,4916.8,3,0,0,-164,0x01,29,5,18,2,-52,-74,1.11,-0.202,8.872,8.815,100%,3.405,4.122,825,803,0,803,799,,0.00000,0.00000,0.0,0,0.0,-50,-8.6
Colleen5939,2026-01-18,10:46:00.282,39.27869,-109.03995,4925.6,39.27869,-109.03994,4916.8,3,0,0,160,0x01,29,6,17,1,-50,-64,1.08,-0.200,8.888,10.828,100%,3.405,4.122,826,804,0,804,800,,0.00000,0.00000,0.0,0,0.0,-50,-8.6
Colleen5939,2026-01-18,10:46:01.302,39.27869,-109.03995,4925.6,39.27869,-109.03994,4916.8,3,0,0,-36,0x01,29,7,16,1,-51,-63,1.08,-0.150,8.856,9.650,100%,3.406,4.121,827,805,0,805,801,,0.00000,0.00000,0.0,0,0.0,-50,-8.6
Colleen5939,2026-01-18,10:46:02.292,39.27869,-109.03995,4925.6,39.27869,-109.03995,4916.9,3,0,0,-122,0x01,29,8,15,1,-44,-64,1.03,-0.091,8.800,20.533,100%,3.406,4.123,828,806,0,806,802,,0.00000,0.00000,0.0,0,0.0,-50,-8.6
Colleen5939,2026-01-18,10:46:03.281,39.27869,-109.03995,4925.6,39.27869,-109.03995,4916.9,3,0,0,-109,0x01,29,8,16,1,-46,-57,1.00,-0.064,8.778,15.887,100%,3.406,4.121,829,807,0,807,803,,0.00000,0.00000,0.0,0,0.0,-50,-8.7
Colleen5939,2026-01-18,10:46:04.301,39.27869,-109.03995,4925.6,39.27869,-109.03995,4916.8,3,0,0,-72,0x01,29,6,17,2,-44,-53,0.98,-0.097,8.817,19.468,100%,3.396,4.122,830,808,0,808,804,,0.00000,0.00000,0.0,0,0.0,-50,-8.7
Colleen5939,2026-01-18,10:46:05.291,39.27869,-109.03995,4925.6,39.27869,-109.03995,4916.8,3,0,0,163,0x01,29,7,16,1,-51,-57,0.95,-0.146,8.879,8.460,100%,3.396,4.121,831,809,0,809,805,,0.00000,0.00000,0.0,0,0.0,-50,-8.7
Colleen5939,2026-01-18,10:46:06.283,39.27869,-109.03995,4925.6,39.27869,-109.03995,4916.8,3,0,0,-35,0x01,29,11,13,1,-49,-62,0.95,-0.134,8.883,10.650,100%,3.400,4.121,832,810,0,810,806,,0.00000,0.00000,0.0,0,0.0,-50,-8.7
Colleen5939,2026-01-18,10:46:07.301,39.27869,-109.03995,4925.6,39.27869,-109.03995,4916.7,3,0,0,-75,0x01,29,8,16,0,-62,-65,0.92,-0.180,8.945,2.318,100%,3.400,4.122,833,811,0,811,807,,0.00000,0.00000,0.0,0,0.0,-50,-8.7
Colleen5939,2026-01-18,10:46:08.293,39.27869,-109.03995,4925.6,39.27869,-109.03995,4916.8,3,0,0,-34,0x01,28,8,15,1,-42,-67,0.90,-0.112,8.887,22.517,100%,3.403,4.123,834,812,0,812,808,,0.00000,0.00000,0.0,0,0.0,-50,-8.7
Colleen5939,2026-01-18,10:46:09.281,39.27869,-109.03995,4925.6,39.27869,-109.03995,4916.8,3,0,0,-52,0x01,29,8,16,1,-43,-53,0.87,-0.080,8.862,19.482,100%,3.403,4.122,835,813,0,813,809,,0.00000,0.00000,0.0,0,0.0,-50,-8.7
Colleen5939,2026-01-18,10:46:10.301,39.27869,-109.03995,4925.6,39.27869,-109.03995,4916.8,3,0,0,-99,0x01,29,6,16,1,-52,-59,0.84,-0.036,8.820,6.705,100%,3.407,4.123,836,814,0,814,810,,0.00000,0.00000,0.0,0,0.0,-50,-8.7
Colleen5939,2026-01-18,10:46:11.293,39.27869,-109.03995,4925.6,39.27869,-109.03995,4916.9,3,0,0,91,0x01,29,7,15,1,-49,-63,0.82,0.003,8.778,9.181,100%,3.407,4.121,837,815,0,815,811,,0.00000,0.00000,0.0,0,0.0,-50,-8.7
Colleen5939,2026-01-18,10:46:12.281,39.27869,-109.03995,4925.6,39.27869,-109.03995,4916.9,3,0,0,-92,0x01,29,7,15,1,-54,-60,0.77,0.073,8.695,4.839,100%,3.407,4.122,838,816,0,816,812,,0.00000,0.00000,0.0,0,0.0,-50,-8.7
Colleen5939,2026-01-18,10:46:13.302,39.27869,-109.03995,4925.6,39.27869,-109.03995,4917.0,3,0,0,9,0x01,29,7,15,1,-42,-63,0.74,0.099,8.657,18.625,100%,3.352,4.121,839,817,0,817,813,,0.00000,0.00000,0.0,0,0.0,-50,-8.7
Colleen5939,2026-01-18,10:46:14.292,39.27869,-109.03995,4925.6,39.27869,-109.03995,4917.0,3,0,0,130,0x01,29,7,14,3,-65,-59,0.72,0.124,8.616,1.274,100%,3.352,4.121,840,818,0,818,814,,0.00000,0.00000,0.0,0,0.0,-50,-8.7
Colleen5939,2026-01-18,10:46:15.284,39.27869,-109.03995,4925.6,39.27869,-109.03995,4917.1,3,0,0,102,0x01,29,7,15,1,-64,-72,0.67,0.159,8.559,1.330,100%,3.401,4.121,841,819,0,819,815,,0.00000,0.00000,0.0,0,0.0,-50,-8.7
Colleen5939,2026-01-18,10:46:16.301,39.27869,-109.03995,4925.6,39.27869,-109.03995,4917.1,3,0,0,141,0x01,29,7,15,1,-42,-75,0.67,0.149,8.553,16.747,100%,3.401,4.123,842,820,0,820,816,,0.00000,0.00000,0.0,0,0.0,-50,-8.7
Colleen5939,2026-01-18,10:46:17.292,39.27869,-109.03995,4925.6,39.27869,-109.03995,4917.1,3,0,0,17,0x01,29,7,15,1,-57,-57,0.59,0.184,8.492,2.656,100%,3.402,4.120,843,821,0,821,817,,0.00000,0.00000,0.0,0,0.0,-50,-8.7
Colleen5939,2026-01-18,10:46:18.282,39.27869,-109.03995,4925.6,39.27869,-109.03995,4917.1,3,0,0,-12,0x01,29,9,14,1,-66,-68,0.59,0.169,8.489,0.942,100%,3.402,4.122,844,822,0,822,818,,0.00000,0.00000,0.0,0,0.0,-50,-8.6
Colleen5939,2026-01-18,10:46:19.303,39.27869,-109.03995,4925.6,39.27869,-109.03995,4917.1,3,0,0,99,0x01,29,9,14,1,-63,-77,0.57,0.102,8.543,1.279,100%,3.405,4.121,845,823,0,823,819,,0.00000,0.00000,0.0,0,0.0,-50,-8.6
Colleen5939,2026-01-18,10:46:20.293,39.27869,-109.03995,4925.6,39.27869,-109.03995,4917.1,3,0,0,107,0x01,29,9,14,1,-74,-69,0.57,0.109,8.523,0.361,100%,3.405,4.121,846,824,0,824,820,,0.00000,0.00000,0.0,0,0.0,-50,-8.6
Colleen5939,2026-01-18,10:46:21.282,39.27869,-109.03995,4925.6,39.27869,-109.03995,4917.1,3,0,0,161,0x01,29,9,14,1,-72,-84,0.55,0.077,8.544,0.436,100%,3.404,4.121,847,825,0,825,821,,0.00000,0.00000,0.0,0,0.0,-50,-8.6
Colleen5939,2026-01-18,10:46:22.303,39.27869,-109.03995,4925.6,39.27869,-109.03995,4917.1,3,0,0,56,0x01,29,9,14,1,-70,-82,0.55,0.055,8.561,0.549,100%,3.404,4.121,848,826,0,826,822,,0.00000,0.00000,0.0,0,0.0,-50,-8.6
Colleen5939,2026-01-18,10:46:23.412,39.27869,-109.03995,4925.6,39.27869,-109.03995,4917.0,3,0,0,101,0x01,29,9,14,1,-70,-80,0.53,0.035,8.576,0.526,100%,3.404,4.120,849,827,0,827,823,,0.00000,0.00000,0.0,0,0.0,-50,-8.6
Colleen5939,2026-01-18,10:46:24.281,39.27869,-109.03995,4925.6,39.27869,-109.03995,4917.1,3,0,0,64,0x01,29,9,14,1,-68,-91,0.50,0.061,8.542,0.635,100%,3.393,4.121,850,828,0,828,824,,0.00000,0.00000,0.0,0,0.0,-50,-8.6
Colleen5939,2026-01-18,10:46:25.302,39.27869,-109.03995,4925.6,39.27869,-109.03995,4917.1,3,0,0,135,0x01,29,9,14,2,-71,-79,0.50,0.058,8.538,0.450,100%,3.393,4.121,851,829,0,829,825,,0.00000,0.00000,0.0,0,0.0,-50,-8.6
Colleen5939,2026-01-18,10:46:26.293,39.27869,-109.03995,4925.6,39.27869,-109.03995,4917.1,3,0,0,99,0x01,29,9,14,1,-66,-82,0.46,0.090,8.494,0.735,100%,3.402,4.122,852,830,0,830,826,,0.00000,0.00000,0.0,0,0.0,-50,-8.6
Colleen5939,2026-01-18,10:46:27.282,39.27869,-109.03995,4925.6,39.27869,-109.03995,4917.2,3,0,0,123,0x01,29,9,14,2,-66,-78,0.44,0.108,8.463,0.704,100%,3.402,4.121,853,831,0,831,827,,0.00000,0.00000,0.0,0,0.0,-50,-8.6
Colleen5939,2026-01-18,10:46:28.303,39.27869,-109.03995,4925.6,39.27869,-109.03995,4917.2,3,0,0,-70,0x01,29,9,14,2,-63,-76,0.43,0.135,8.419,0.954,100%,3.402,4.121,854,832,0,832,828,,0.00000,0.00000,0.0,0,0.0,-50,-8.5
Colleen5939,2026-01-18,10:46:29.294,39.27869,-109.03995,4925.6,39.27869,-109.03995,4917.2,3,0,0,-155,0x01,29,10,13,2,-63,-76,0.41,0.146,8.392,0.915,100%,3.402,4.120,855,833,0,833,829,,0.00000,0.00000,0.0,0,0.0,-50,-8.5
Colleen5939,2026-01-18,10:46:30.283,39.27869,-109.03995,4925.6,39.27869,-109.03995,4917.3,3,0,0,32,0x01,29,9,14,2,-58,-72,0.38,0.196,8.319,1.507,100%,3.401,4.121,856,834,0,834,830,,0.00000,0.00000,0.0,0,0.0,-50,-8.5
Colleen5939,2026-01-18,10:46:31.303,39.27869,-109.03995,4925.6,39.27869,-109.03995,4917.3,3,0,0,-111,0x01,29,9,14,2,-55,-68,0.38,0.223,8.266,2.128,100%,3.401,4.120,857,835,0,835,831,,0.00000,0.00000,0.0,0,0.0,-50,-8.5
Colleen5939,2026-01-18,10:46:32.294,39.27869,-109.03995,4925.6,39.27869,-109.03995,4917.4,3,0,0,-40,0x01,29,9,14,2,-55,-66,0.38,0.281,8.178,2.128,100%,3.401,4.121,858,836,0,836,832,,0.00000,0.00000,0.0,0,0.0,-50,-8.5
Colleen5939,2026-01-18,10:46:33.284,39.27869,-109.03995,4925.6,39.27869,-109.03995,4917.5,3,0,0,-45,0x01,29,8,15,2,-50,-64,0.38,0.288,8.139,3.785,100%,3.358,4.120,859,837,0,837,833,,0.00000,0.00000,0.0,0,0.0,-50,-8.4
Colleen5939,2026-01-18,10:46:34.302,39.27869,-109.03995,4925.6,39.27869,-109.03995,4917.5,3,0,0,-132,0x01,29,8,15,2,-48,-62,0.38,0.262,8.135,4.765,100%,3.358,4.121,860,838,0,838,834,,0.00000,0.00000,0.0,0,0.0,-50,-8.4
Colleen5939,2026-01-18,10:46:35.293,39.27869,-109.03995,4925.6,39.27869,-109.03995,4917.5,3,0,0,-157,0x01,29,11,13,1,-44,-60,0.37,0.274,8.092,7.296,100%,3.400,4.120,861,839,0,839,835,,0.00000,0.00000,0.0,0,0.0,-50,-8.4
Colleen5939,2026-01-18,10:46:36.282,39.27869,-109.03995,4925.6,39.27869,-109.03995,4917.5,3,0,0,106,0x01,29,9,15,2,-41,-58,0.37,0.229,8.112,10.306,100%,3.400,4.121,862,840,0,840,836,,0.00000,0.00000,0.0,0,0.0,-50,-8.3
Colleen5939,2026-01-18,10:46:37.302,39.27869,-109.03995,4925.6,39.27869,-109.03995,4917.5,3,0,0,157,0x01,29,9,14,2,-53,-58,0.38,0.227,8.089,2.679,100%,3.403,4.120,863,841,0,841,836,,0.00000,0.00000,0.0,0,0.0,-50,-8.3
Colleen5939,2026-01-18,10:46:38.294,39.27869,-109.03995,4925.6,39.27869,-109.03995,4917.6,3,0,0,18,0x01,29,7,14,3,-57,-69,0.37,0.249,8.040,1.633,100%,3.403,4.121,864,842,0,842,837,,0.00000,0.00000,0.0,0,0.0,-50,-8.3
Colleen5939,2026-01-18,10:46:39.284,39.27869,-109.03995,4925.6,39.27869,-109.03995,4917.7,3,0,0,138,0x01,29,12,12,2,-54,-66,0.39,0.310,7.946,2.479,100%,3.401,4.121,865,843,0,843,838,,0.00000,0.00000,0.0,0,0.0,-50,-8.2
Colleen5939,2026-01-18,10:46:40.304,39.27869,-109.03995,4925.6,39.27869,-109.03995,4917.7,3,0,0,-18,0x01,29,11,11,3,-53,-68,0.35,0.308,7.911,2.511,100%,3.401,4.121,866,844,0,844,839,,0.00000,0.00000,0.0,0,0.0,-50,-8.2
Colleen5939,2026-01-18,10:46:41.293,39.27869,-109.03995,4925.6,39.27869,-109.03995,4917.8,3,0,0,43,0x01,28,9,12,4,-42,-61,0.37,0.372,7.807,9.185,100%,3.401,4.119,867,845,0,845,840,,0.00000,0.00000,0.0,0,0.0,-50,-8.2
Colleen5939,2026-01-18,10:46:42.284,39.27869,-109.03995,4925.6,39.27869,-109.03995,4917.9,3,0,0,141,0x01,28,10,13,3,-42,-55,0.35,0.376,7.761,8.909,100%,3.401,4.121,868,846,0,846,841,,0.00000,0.00000,0.0,0,0.0,-50,-8.1
Colleen5939,2026-01-18,10:46:43.304,39.27869,-109.03995,4925.6,39.27869,-109.03995,4917.8,3,0,0,-117,0x01,27,10,12,1,-38,-58,0.35,0.315,7.787,14.119,100%,3.401,4.121,869,847,0,847,842,,0.00000,0.00000,0.0,0,0.0,-50,-8.1
Colleen5939,2026-01-18,10:46:44.293,39.27869,-109.03995,4925.6,39.27869,-109.03995,4917.9,3,0,0,161,0x01,27,9,11,2,-50,-52,0.35,0.307,7.761,3.547,100%,3.394,4.120,870,848,0,848,843,,0.00000,0.00000,0.0,0,0.0,-50,-8.1
Colleen5939,2026-01-18,10:46:45.313,39.27869,-109.03995,4925.6,39.27869,-109.03995,4917.8,3,0,0,43,0x01,27,10,13,0,-51,-61,0.37,0.190,7.856,3.259,100%,3.394,4.120,871,849,0,849,844,,0.00000,0.00000,0.0,0,0.0,-50,-8.0
Colleen5939,2026-01-18,10:46:46.303,39.27869,-109.03995,4925.6,39.27869,-109.03995,4917.7,3,0,0,7,0x01,27,10,12,2,-43,-65,0.35,0.145,7.885,7.940,100%,3.398,4.121,872,850,0,850,845,,0.00000,0.00000,0.0,0,0.0,-50,-8.0
Colleen5939,2026-01-18,10:46:47.297,39.27869,-109.03995,4925.6,39.27869,-109.03995,4917.8,3,0,0,15,0x01,27,9,13,2,-50,-59,0.35,0.193,7.816,3.456,100%,3.398,4.121,873,851,0,851,846,,0.00000,0.00000,0.0,0,0.0,-50,-8.0
Colleen5939,2026-01-18,10:46:48.284,39.27869,-109.03995,4925.6,39.27869,-109.03995,4917.8,3,0,0,-15,0x01,27,11,14,0,-51,-62,0.35,0.176,7.813,3.080,100%,3.403,4.122,874,852,0,852,847,,0.00000,0.00000,0.0,0,0.0,-50,-8.0
Colleen5939,2026-01-18,10:46:49.305,39.27869,-109.03995,4925.6,39.27869,-109.03995,4917.8,3,0,0,23,0x01,27,11,14,0,-50,-63,0.35,0.149,7.823,3.547,100%,3.403,4.120,875,853,0,853,848,,0.00000,0.00000,0.0,0,0.0,-50,-8.0
Colleen5939,2026-01-18,10:46:50.294,39.27869,-109.03995,4920.1,39.27869,-109.03995,4917.8,3,0,0,-150,0x01,27,9,14,1,-48,-63,1.49,4.567,2.761,18.697,100%,3.404,4.121,876,854,0,854,849,,0.00000,0.00000,0.0,0,0.0,-50,-6.9
Colleen5939,2026-01-18,10:46:51.284,39.27869,-109.03995,4920.1,39.27869,-109.03995,4917.8,3,0,0,96,0x01,27,10,13,1,-47,-60,1.50,4.125,2.752,21.128,100%,3.404,4.120,877,855,0,855,850,,0.00000,0.00000,0.0,0,0.0,-50,-6.4
Colleen5939,2026-01-18,10:46:52.304,39.27869,-109.03995,4920.1,39.27869,-109.03995,4917.8,3,0,0,-62,0x01,28,10,13,1,-50,-61,1.51,3.701,2.770,15.069,100%,3.404,4.121,878,856,0,856,851,,0.00000,0.00000,0.0,0,0.0,-50,-6.0
Colleen5939,2026-01-18,10:46:53.295,39.27878,-109.04006,4958.0,39.27869,-109.03995,4917.9,3,0,0,135,0x01,28,12,12,1,-50,-63,45.83,-34.449,60.896,458.312,100%,3.351,4.118,879,857,0,857,852,,0.00000,0.00000,0.0,0,0.0,-50,-5.6
Colleen5939,2026-01-18,10:46:54.285,39.27875,-109.04004,4932.8,39.27869,-109.03995,4917.9,3,0,0,-54,0x01,27,12,11,1,-49,-62,32.94,-8.327,36.158,369.644,100%,3.351,4.121,880,858,0,858,853,,0.00000,0.00000,0.0,0,0.0,-50,-6.6
Colleen5939,2026-01-18,10:46:55.335,39.27873,-109.04002,4929.1,39.27869,-109.03995,4917.9,3,0,0,-52,0x01,27,11,12,1,-50,-62,24.24,-3.424,26.711,242.442,100%,3.395,4.120,881,859,0,859,854,,0.00000,0.00000,0.0,0,0.0,-50,-7.8
Colleen5939,2026-01-18,10:46:56.293,39.27871,-109.03998,4927.9,39.27869,-109.03995,4918.0,3,0,0,-151,0x01,27,10,12,2,-48,-63,8.94,-1.592,13.335,112.602,100%,3.395,4.121,882,860,0,860,855,,0.00000,0.00000,0.0,0,0.0,-50,-8.3
Colleen5939,2026-01-18,10:46:57.284,39.27871,-109.03998,4927.9,39.27869,-109.03995,4918.1,3,0,0,-63,0x01,27,11,13,1,-42,-61,8.94,-1.215,13.274,224.671,100%,3.401,4.120,883,861,0,861,856,,0.00000,0.00000,0.0,0,0.0,-50,-8.6
Colleen5939,2026-01-18,10:46:58.304,39.27868,-109.03996,4925.8,39.27869,-109.03995,4918.1,3,0,0,-168,0x01,27,11,13,1,-47,-55,4.20,0.790,8.705,59.284,100%,3.401,4.121,884,862,0,862,857,,0.00000,0.00000,0.0,0,0.0,-50,-8.4
Colleen5939,2026-01-18,10:46:59.296,39.27868,-109.03996,4925.8,39.27869,-109.03995,4918.2,3,0,0,70,0x01,27,10,14,0,-46,-59,4.18,0.758,8.653,66.305,100%,3.398,4.120,885,863,0,863,858,,0.00000,0.00000,0.0,0,0.0,-50,-8.3
Colleen5939,2026-01-18,10:47:00.285,39.27868,-109.03996,4925.8,39.27869,-109.03995,4918.3,3,0,0,5,0x01,27,11,13,1,-43,-59,4.18,0.735,8.602,93.658,100%,3.398,4.121,886,864,0,864,859,,0.00000,0.00000,0.0,0,0.0,-50,-8.3
Colleen5939,2026-01-18,10:47:01.305,39.27868,-109.03996,4925.8,39.27869,-109.03995,4918.3,3,0,0,36,0x01,27,10,13,1,-42,-57,4.20,0.709,8.562,105.424,100%,3.401,4.119,887,865,0,865,860,,0.00000,0.00000,0.0,0,0.0,-50,-8.2
Colleen5939,2026-01-18,10:47:02.295,39.27868,-109.03996,4925.8,39.27869,-109.03995,4918.3,3,0,0,180,0x01,27,11,11,2,-44,-57,4.21,0.635,8.572,84.012,100%,3.401,4.121,888,866,0,866,861,,0.00000,0.00000,0.0,0,0.0,-50,-8.1
Colleen5939,2026-01-18,10:47:03.284,39.27868,-109.03996,4925.8,39.27869,-109.03995,4918.4,3,0,0,-74,0x01,27,10,14,0,-54,-60,4.21,0.613,8.532,26.567,100%,3.401,4.121,889,867,0,867,862,,0.00000,0.00000,0.0,0,0.0,-50,-8.0
Colleen5939,2026-01-18,10:47:04.303,39.27868,-109.03996,4925.8,39.27869,-109.03995,4918.4,3,0,0,-100,0x01,27,12,11,1,-70,-70,4.22,0.567,8.524,4.224,100%,3.389,4.121,890,868,0,868,863,,0.00000,0.00000,0.0,0,0.0,-50,-8.0
Colleen5939,2026-01-18,10:47:05.294,39.27868,-109.03996,4925.8,39.27869,-109.03995,4918.4,3,0,0,-33,0x01,27,9,14,1,-68,-71,4.21,0.507,8.520,5.301,100%,3.389,4.120,891,869,0,869,864,,0.00000,0.00000,0.0,0,0.0,-50,-7.9
Colleen5939,2026-01-18,10:47:06.284,39.27868,-109.03996,4925.8,39.27869,-109.03995,4918.2,3,0,0,-21,0x01,27,11,12,3,-67,-85,4.21,0.324,8.649,5.948,100%,3.398,4.121,892,870,0,870,865,,0.00000,0.00000,0.0,0,0.0,-50,-7.9
Colleen5939,2026-01-18,10:47:07.304,39.27868,-109.03996,4925.8,39.27869,-109.03995,4918.2,3,0,0,-118,0x01,27,9,15,1,-66,-77,4.24,0.264,8.688,6.717,100%,3.398,4.121,893,871,0,871,866,,0.00000,0.00000,0.0,0,0.0,-50,-7.8
Colleen5939,2026-01-18,10:47:08.294,39.27870,-109.03998,4924.1,39.27869,-109.03995,4918.1,3,0,0,126,0x01,27,9,14,0,-63,-79,10.14,1.565,11.736,22.698,100%,3.399,4.121,894,872,0,872,867,,0.00000,0.00000,0.0,0,0.0,-50,-7.5
Colleen5939,2026-01-18,10:47:09.284,39.27870,-109.03998,4924.1,39.27869,-109.03995,4918.1,3,0,0,3,0x01,27,10,14,0,-65,-76,10.17,1.417,11.756,18.079,100%,3.399,4.119,895,873,0,873,868,,0.00000,0.00000,0.0,0,0.0,-50,-7.3
Colleen5939,2026-01-18,10:47:10.304,39.27871,-109.04000,4925.2,39.27869,-109.03995,4918.1,3,0,0,117,0x01,27,10,13,0,-66,-76,16.31,0.229,17.763,25.851,100%,3.400,4.121,896,874,0,874,869,,0.00000,0.00000,0.0,0,0.0,-50,-7.3
Colleen5939,2026-01-18,10:47:11.293,39.27871,-109.04000,4925.2,39.27869,-109.03995,4918.1,3,0,0,28,0x01,27,10,13,0,-65,-79,16.36,0.183,17.821,29.098,100%,3.400,4.117,897,875,0,875,870,,0.00000,0.00000,0.0,0,0.0,-50,-7.2
Colleen5939,2026-01-18,10:47:12.284,39.27872,-109.04002,4923.2,39.27869,-109.03995,4918.1,3,0,0,-68,0x01,28,11,14,0,-70,-76,24.15,1.798,24.671,24.154,100%,3.400,4.120,898,876,0,876,871,,0.00000,0.00000,0.0,0,0.0,-50,-6.8
Colleen5939,2026-01-18,10:47:13.305,39.27872,-109.04002,4923.2,39.27869,-109.03995,4918.1,3,0,0,140,0x01,28,10,14,0,-66,-79,24.21,1.576,24.731,38.363,100%,3.352,4.120,899,877,0,877,872,,0.00000,0.00000,0.0,0,0.0,-50,-6.6
Colleen5939,2026-01-18,10:47:14.293,39.27873,-109.04004,4923.6,39.27869,-109.03995,4918.1,3,0,0,-152,0x01,28,10,14,0,-61,-81,31.06,0.907,31.546,87.534,100%,3.352,4.120,900,878,0,878,873,,0.00000,0.00000,0.0,0,0.0,-50,-6.4
Colleen5939,2026-01-18,10:47:15.284,39.27873,-109.04004,4923.6,39.27869,-109.03995,4918.1,3,0,0,-116,0x01,28,10,14,0,-65,-75,31.08,0.805,31.573,55.275,100%,3.396,4.118,901,879,0,879,874,,0.00000,0.00000,0.0,0,0.0,-50,-6.3
Colleen5939,2026-01-18,10:47:16.305,39.27874,-109.04007,4925.2,39.27869,-109.03995,4918.0,3,0,0,-148,0x01,28,10,14,0,-72,-74,38.64,-0.688,39.302,30.692,100%,3.396,4.121,902,880,0,880,875,,0.00000,0.00000,0.0,0,0.0,-50,-6.5
Colleen5939,2026-01-18,10:47:17.293,39.27874,-109.04007,4925.2,39.27869,-109.03995,4918.0,3,0,0,173,0x01,28,10,14,0,-77,-79,38.66,-0.620,39.328,17.271,100%,3.397,4.120,903,881,0,881,876,,0.00000,0.00000,0.0,0,0.0,-50,-6.6
Colleen5939,2026-01-18,10:47:18.284,39.27875,-109.04009,4925.2,39.27869,-109.03995,4918.0,3,0,0,69,0x01,28,10,14,0,-74,-82,45.62,-0.637,46.186,28.785,100%,3.397,4.121,904,882,0,882,877,,0.00000,0.00000,0.0,0,0.0,-50,-6.6
Colleen5939,2026-01-18,10:47:19.305,39.27875,-109.04009,4925.2,39.27869,-109.03995,4917.9,3,0,0,162,0x01,28,10,14,0,-77,-84,45.70,-0.716,46.274,20.412,100%,3.398,4.118,905,883,0,883,878,,0.00000,0.00000,0.0,0,0.0,-50,-6.6
Colleen5939,2026-01-18,10:47:20.293,39.27876,-109.04011,4925.5,39.27869,-109.03995,4917.9,3,0,0,-94,0x01,28,9,14,0,-76,-85,52.94,-0.986,53.475,26.532,100%,3.398,4.120,906,884,0,884,879,,0.00000,0.00000,0.0,0,0.0,-50,-6.6
Colleen5939,2026-01-18,10:47:21.285,39.27876,-109.04011,4925.5,39.27869,-109.03995,4918.0,3,0,0,-78,0x01,28,9,14,0,-68,-83,52.96,-0.950,53.495,66.677,100%,3.398,4.118,907,885,0,885,880,,0.00000,0.00000,0.0,0,0.0,-50,-6.6
Colleen5939,2026-01-18,10:47:22.304,39.27877,-109.04013,4925.3,39.27869,-109.03995,4918.0,3,0,0,-100,0x01,28,10,14,0,-76,-79,59.78,-0.787,60.234,29.963,100%,3.398,4.120,908,886,0,886,881,,0.00000,0.00000,0.0,0,0.0,-50,-6.6
Colleen5939,2026-01-18,10:47:23.294,39.27877,-109.04013,4925.3,39.27869,-109.03995,4917.9,3,0,0,82,0x01,28,10,14,0,-75,-81,59.83,-0.839,60.291,33.647,100%,3.398,4.119,909,887,0,887,882,,0.00000,0.00000,0.0,0,0.0,-50,-6.6
Colleen5939,2026-01-18,10:47:24.285,39.27877,-109.04016,4926.1,39.27869,-109.03995,4917.9,3,0,0,7,0x01,28,10,14,0,-67,-81,67.34,-1.641,67.838,95.120,100%,3.391,4.120,910,888,0,888,882,,0.00000,0.00000,0.0,0,0.0,-50,-6.6
Colleen5939,2026-01-18,10:47:25.303,39.27877,-109.04016,4926.1,39.27869,-109.03994,4917.9,3,0,0,-37,0x01,28,9,15,0,-74,-80,67.37,-1.664,67.867,42.505,100%,3.391,4.119,911,889,0,889,883,,0.00000,0.00000,0.0,0,0.0,-50,-6.6
Colleen5939,2026-01-18,10:47:26.294,39.27879,-109.04018,4926.4,39.27869,-109.03994,4917.9,3,0,0,-75,0x01,28,10,14,0,-87,-80,76.31,-1.971,76.783,10.779,100%,3.394,4.120,912,890,0,890,884,,0.00000,0.00000,0.0,0,0.0,-50,-6.6
Colleen5939,2026-01-18,10:47:27.285,39.27879,-109.04018,4926.4,39.27869,-109.03994,4917.8,3,0,0,-64,0x01,28,10,15,0,-74,-79,76.36,-2.030,76.839,48.178,100%,3.394,4.118,913,891,0,891,885,,0.00000,0.00000,0.0,0,0.0,-50,-6.6
Colleen5939,2026-01-18,10:47:28.304,39.27879,-109.04021,4927.0,39.27869,-109.03994,4917.7,3,0,0,34,0x01,28,9,15,0,-81,-86,83.17,-2.742,83.691,23.441,100%,3.397,4.120,914,892,0,892,886,,0.00000,0.00000,0.0,0,0.0,-50,-6.6
Colleen5939,2026-01-18,10:47:29.295,39.27879,-109.04021,4927.0,39.27869,-109.03994,4917.7,3,0,0,171,0x01,28,10,15,0,-93,-92,83.20,-2.749,83.717,5.890,100%,3.397,4.120,915,893,0,893,887,,0.00000,0.00000,0.0,0,0.0,-50,-6.6
Colleen5939,2026-01-18,10:47:30.284,39.27880,-109.04024,4927.5,39.27869,-109.03994,4917.7,3,0,0,-90,0x01,28,9,15,0,-81,-94,90.91,-3.174,91.426,25.621,100%,3.392,4.120,916,894,0,894,888,,0.00000,0.00000,0.0,0,0.0,-50,-6.6
Colleen5939,2026-01-18,10:47:31.304,39.27880,-109.04024,4927.5,39.27869,-109.03994,4917.7,3,0,0,122,0x01,28,9,15,0,-74,-94,90.93,-3.220,91.457,57.374,100%,3.392,4.118,917,895,0,895,889,,0.00000,0.00000,0.0,0,0.0,-50,-6.6
Colleen5939,2026-01-18,10:47:32.293,39.27881,-109.04026,4927.2,39.27869,-109.03994,4917.6,3,0,0,105,0x01,28,9,15,0,-75,-85,98.28,-3.038,98.751,55.268,100%,3.392,4.120,918,896,0,896,890,,0.00000,0.00000,0.0,0,0.0,-50,-6.6
Colleen5939,2026-01-18,10:47:33.284,39.27881,-109.04026,4927.2,39.27869,-109.03994,4917.6,3,0,0,-143,0x01,28,9,15,1,-77,-83,98.33,-3.091,98.807,43.924,100%,3.392,4.119,919,897,0,897,891,,0.00000,0.00000,0.0,0,0.0,-50,-6.6
Colleen5939,2026-01-18,10:47:34.303,39.27881,-109.04028,4927.6,39.27869,-109.03994,4917.5,3,0,0,-125,0x01,28,10,15,0,-91,-84,105.69,-3.504,106.168,9.420,100%,3.392,4.119,920,898,0,898,892,,0.00000,0.00000,0.0,0,0.0,-50,-6.6
Colleen5939,2026-01-18,10:47:35.305,39.27881,-109.04028,4927.6,39.27869,-109.03994,4917.5,3,0,0,63,0x01,27,9,15,0,-87,-88,105.72,-3.553,106.199,14.933,100%,3.389,4.117,921,899,0,899,893,,0.00000,0.00000,0.0,0,0.0,-50,-6.6
Colleen5939,2026-01-18,10:47:36.284,39.27882,-109.04031,4927.5,39.27869,-109.03994,4917.5,3,0,0,15,0x01,28,9,15,0,-88,-91,113.10,-3.439,113.538,14.238,100%,3.389,4.120,922,900,0,900,894,,0.00000,0.00000,0.0,0,0.0,-50,-6.6
Colleen5939,2026-01-18,10:47:37.305,39.27882,-109.04031,4927.5,39.27869,-109.03994,4917.5,3,0,0,-79,0x01,28,10,15,0,-80,-94,113.15,-3.464,113.591,35.780,100%,3.394,4.119,923,901,0,901,895,,0.00000,0.00000,0.0,0,0.0,-50,-6.6
Colleen5939,2026-01-18,10:47:38.294,39.27882,-109.04031,4927.5,39.27869,-109.03994,4917.5,3,0,0,-26,0x01,28,9,15,0,-91,-92,113.15,-3.461,113.591,10.084,100%,3.394,4.120,924,902,0,902,896,,0.00000,0.00000,0.0,0,0.0,-50,-6.6
Colleen5939,2026-01-18,10:47:39.282,39.27882,-109.04034,4927.6,39.27869,-109.03994,4917.5,3,0,0,106,0x01,28,10,15,0,-81,-97,122.84,-3.591,123.261,34.621,100%,3.394,4.119,925,903,0,903,897,,0.00000,0.00000,0.0,0,0.0,-50,-6.6
Colleen5939,2026-01-18,10:47:40.304,39.27882,-109.04034,4927.6,39.27869,-109.03994,4917.4,3,0,0,46,0x01,28,9,15,0,-82,-94,122.87,-3.611,123.289,30.863,100%,3.394,4.120,926,904,0,904,898,,0.00000,0.00000,0.0,0,0.0,-50,-6.6
Colleen5939,2026-01-18,10:47:41.296,39.27882,-109.04034,4927.6,39.27869,-109.03994,4917.5,3,0,0,-178,0x01,28,9,15,0,-81,-91,122.92,-3.607,123.340,34.644,100%,3.394,4.118,927,905,0,905,899,,0.00000,0.00000,0.0,0,0.0,-50,-6.6
Colleen5939,2026-01-18,10:47:42.283,39.27883,-109.04037,4928.2,39.27869,-109.03994,4917.5,3,0,0,14,0x01,28,10,15,0,-88,-89,133.08,-4.148,133.511,16.754,100%,3.394,4.120,928,906,0,906,900,,0.00000,0.00000,0.0,0,0.0,-50,-6.6
Colleen5939,2026-01-18,10:47:43.305,39.27883,-109.04037,4928.2,39.27869,-109.03994,4917.5,3,0,0,-32,0x01,28,10,15,0,-82,-98,133.11,-4.138,133.536,33.435,100%,3.394,4.119,929,907,0,907,901,,0.00000,0.00000,0.0,0,0.0,-50,-6.6
Colleen5939,2026-01-18,10:47:44.295,39.27885,-109.04040,4927.2,39.27869,-109.03994,4917.4,3,0,0,-137,0x01,28,9,15,0,-84,-99,140.11,-3.265,140.455,27.956,100%,3.385,4.120,930,908,0,908,902,,0.00000,0.00000,0.0,0,0.0,-50,-6.6
Colleen5939,2026-01-18,10:47:45.283,39.27885,-109.04040,4927.2,39.27869,-109.03994,4917.4,3,0,0,90,0x01,28,10,15,0,-86,-98,140.11,-3.255,140.455,22.206,100%,3.385,4.118,931,909,0,909,903,,0.00000,0.00000,0.0,0,0.0,-50,-6.6
Colleen5939,2026-01-18,10:47:46.305,39.27886,-109.04042,4927.9,39.27869,-109.03994,4917.5,3,0,0,101,0x01,28,9,15,1,-85,-93,148.03,-3.904,148.397,26.323,100%,3.392,4.119,932,910,0,910,904,,0.00000,0.00000,0.0,0,0.0,-50,-6.6
Colleen5939,2026-01-18,10:47:47.295,39.27886,-109.04042,4927.9,39.27869,-109.03994,4917.5,3,0,0,-153,0x01,28,9,15,0,-85,-91,148.05,-3.894,148.422,26.328,100%,3.392,4.119,933,911,0,911,905,,0.00000,0.00000,0.0,0,0.0,-50,-6.6
Colleen5939,2026-01-18,10:47:48.283,39.27888,-109.04044,4927.8,39.27869,-109.03994,4917.5,3,0,0,174,0x01,28,9,15,0,-83,-91,155.42,-3.773,155.759,34.793,100%,3.392,4.120,934,912,0,912,906,,0.00000,0.00000,0.0,0,0.0,-50,-6.6
Colleen5939,2026-01-18,10:47:49.304,39.27888,-109.04044,4927.8,39.27869,-109.03994,4917.5,3,0,0,26,0x01,28,10,15,0,-85,-93,155.44,-3.783,155.785,27.642,100%,3.392,4.118,935,913,0,913,907,,0.00000,0.00000,0.0,0,0.0,-50,-6.6
Colleen5939,2026-01-18,10:47:50.295,39.27889,-109.04046,4929.1,39.27869,-109.03994,4917.5,3,0,0,4,0x01,28,10,15,0,-83,-93,162.60,-4.969,163.011,36.402,100%,3.396,4.120,936,914,0,914,908,,0.00000,0.00000,0.0,0,0.0,-50,-6.6
Colleen5939,2026-01-18,10:47:51.284,39.27889,-109.04046,4929.1,39.27869,-109.03994,4917.5,3,0,0,141,0x01,28,9,15,0,-93,-96,162.63,-4.960,163.035,11.513,100%,3.396,4.119,937,915,0,915,909,,0.00000,0.00000,0.0,0,0.0,-50,-6.6
Colleen5939,2026-01-18,10:47:52.303,39.27890,-109.04047,4928.6,39.27869,-109.03994,4917.6,3,0,0,-124,0x01,28,9,15,0,-84,-89,169.11,-4.458,169.467,33.741,100%,3.396,4.121,938,916,0,916,910,,0.00000,0.00000,0.0,0,0.0,-50,-6.6
Colleen5939,2026-01-18,10:47:53.293,39.27890,-109.04047,4928.6,39.27869,-109.03994,4917.7,3,0,0,-139,0x01,28,10,15,0,-88,-91,169.13,-4.373,169.487,21.293,100%,3.347,4.118,939,917,0,917,911,,0.00000,0.00000,0.0,0,0.0,-50,-6.6
Colleen5939,2026-01-18,10:47:54.284,39.27892,-109.04049,4928.1,39.27869,-109.03994,4917.6,3,0,0,-101,0x01,28,8,15,0,-84,-92,175.58,-3.885,175.894,35.033,100%,3.347,4.119,940,918,0,918,912,,0.00000,0.00000,0.0,0,0.0,-50,-6.6
Colleen5939,2026-01-18,10:47:55.304,39.27892,-109.04049,4928.1,39.27869,-109.03994,4917.7,3,0,0,-142,0x01,28,9,15,0,-84,-99,175.61,-3.869,175.918,35.038,100%,3.390,4.118,941,919,0,919,913,,0.00000,0.00000,0.0,0,0.0,-50,-6.6
Colleen5939,2026-01-18,10:47:56.294,39.27893,-109.04051,4928.6,39.27869,-109.03994,4917.7,3,0,0,-177,0x01,28,10,15,0,-88,-93,182.28,-4.341,182.607,22.948,100%,3.390,4.118,942,920,0,920,914,,0.00000,0.00000,0.0,0,0.0,-50,-6.6
Colleen5939,2026-01-18,10:47:57.284,39.27893,-109.04051,4928.6,39.27869,-109.03994,4917.7,3,0,0,109,0x01,28,9,15,1,-99,-103,182.31,-4.367,182.633,6.468,100%,3.393,4.118,943,921,0,921,915,,0.00000,0.00000,0.0,0,0.0,-50,-6.6
Colleen5939,2026-01-18,10:47:58.305,39.27893,-109.04053,4930.5,39.27869,-109.03994,4917.7,3,0,0,-8,0x01,28,9,15,1,-89,-93,190.06,-6.236,190.493,21.325,100%,3.393,4.120,944,922,0,922,916,,0.00000,0.00000,0.0,0,0.0,-50,-6.6
Colleen5939,2026-01-18,10:47:59.294,39.27893,-109.04053,4930.5,39.27869,-109.03994,4917.6,3,0,0,104,0x01,28,8,15,2,-86,-93,190.09,-6.272,190.521,30.127,100%,3.388,4.118,945,923,0,923,917,,0.00000,0.00000,0.0,0,0.0,-50,-6.6
Colleen5939,2026-01-18,10:48:00.283,39.27895,-109.04056,4929.7,39.27869,-109.03994,4917.6,3,0,0,123,0x01,28,10,15,1,-88,-105,197.42,-5.548,197.791,24.854,100%,3.388,4.118,946,924,0,924,918,,0.00000,0.00000,0.0,0,0.0,-50,-6.6
Colleen5939,2026-01-18,10:48:01.304,39.27895,-109.04056,4929.7,39.27869,-109.03994,4917.6,3,0,0,-139,0x01,28,10,15,1,-96,-95,197.44,-5.525,197.815,9.896,100%,3.389,4.118,947,925,0,925,919,,0.00000,0.00000,0.0,0,0.0,-50,-6.6
Colleen5939,2026-01-18,10:48:02.294,39.27896,-109.04057,4929.1,39.27869,-109.03994,4917.6,3,0,0,35,0x01,28,9,15,1,-97,-92,204.31,-4.893,204.626,9.126,100%,3.389,4.118,948,926,0,926,920,,0.00000,0.00000,0.0,0,0.0,-50,-6.6
Colleen5939,2026-01-18,10:48:03.284,39.27896,-109.04057,4929.1,39.27869,-109.03994,4917.7,3,0,0,24,0x01,28,11,14,1,-100,-93,204.31,-4.850,204.624,6.461,100%,3.389,4.117,949,927,0,927,921,,0.00000,0.00000,0.0,0,0.0,-50,-6.6
Colleen5939,2026-01-18,10:48:04.304,39.27896,-109.04057,4929.1,39.27869,-109.03994,4917.7,3,0,0,14,0x01,28,11,13,1,-82,-93,204.31,-4.804,204.621,51.319,100%,3.386,4.118,950,928,0,928,921,,0.00000,0.00000,0.0,0,0.0,-50,-6.6
Colleen5939,2026-01-18,10:48:05.294,39.27896,-109.04061,4929.0,39.27869,-109.03994,4917.8,3,0,0,40,0x01,28,11,13,1,-87,-97,214.28,-4.683,214.580,30.268,100%,3.386,4.117,951,929,0,929,922,,0.00000,0.00000,0.0,0,0.0,-50,-6.6
Colleen5939,2026-01-18,10:48:06.286,39.27896,-109.04061,4929.0,39.27869,-109.03994,4917.8,3,0,0,-18,0x01,28,11,13,0,-86,-94,214.31,-4.676,214.604,33.966,100%,3.389,4.120,952,930,0,930,923,,0.00000,0.00000,0.0,0,0.0,-50,-6.6
Colleen5939,2026-01-18,10:48:07.305,39.27896,-109.04061,4929.0,39.27869,-109.03994,4917.9,3,0,0,-23,0x01,28,11,13,0,-76,-91,214.33,-4.581,214.624,107.422,100%,3.389,4.118,953,931,0,931,924,,0.00000,0.00000,0.0,0,0.0,-50,-6.6
Colleen5939,2026-01-18,10:48:08.294,39.27896,-109.04061,4929.0,39.27869,-109.03994,4917.9,3,0,0,130,0x01,28,11,13,1,-76,-84,214.36,-4.532,214.647,107.434,100%,3.387,4.118,954,932,0,932,925,,0.00000,0.00000,0.0,0,0.0,-50,-6.6
Colleen5939,2026-01-18,10:48:09.285,39.27896,-109.04061,4929.0,39.27869,-109.03994,4918.0,3,0,0,-148,0x01,28,10,13,1,-83,-85,214.36,-4.480,214.644,47.989,100%,3.387,4.117,955,933,0,933,926,,0.00000,0.00000,0.0,0,0.0,-50,-6.6
Colleen5939,2026-01-18,10:48:10.304,39.27896,-109.04061,4929.0,39.27869,-109.03994,4918.0,3,0,0,-103,0x01,28,11,13,1,-81,-95,214.38,-4.463,214.668,60.422,100%,3.388,4.119,956,934,0,934,927,,0.00000,0.00000,0.0,0,0.0,-50,-6.6
Colleen5939,2026-01-18,10:48:11.294,39.27896,-109.04061,4929.0,39.27869,-109.03994,4918.0,3,0,0,76,0x01,28,11,13,1,-88,-95,214.38,-4.420,214.666,26.989,100%,3.388,4.115,957,935,0,935,928,,0.00000,0.00000,0.0,0,0.0,-50,-6.6
Colleen5939,2026-01-18,10:48:12.285,39.27898,-109.04062,4931.9,39.27869,-109.03994,4918.1,3,0,0,-26,0x01,28,11,13,1,-96,-99,218.68,-7.257,219.117,10.960,100%,3.388,4.118,958,936,0,936,929,,0.00000,0.00000,0.0,0,0.0,-50,-6.6
Colleen5939,2026-01-18,10:48:13.304,39.27898,-109.04062,4931.9,39.27869,-109.03994,4918.1,3,0,0,-131,0x01,28,11,13,1,-84,-100,218.71,-7.228,219.140,43.637,100%,3.340,4.118,959,937,0,937,930,,0.00000,0.00000,0.0,0,0.0,-50,-6.6
Colleen5939,2026-01-18,10:48:14.295,39.27898,-109.04062,4931.9,39.27869,-109.03994,4918.1,3,0,0,104,0x01,28,11,13,1,-80,-92,218.73,-7.221,219.164,69.169,100%,3.340,4.119,960,938,0,938,931,,0.00000,0.00000,0.0,0,0.0,-50,-6.6
Colleen5939,2026-01-18,10:48:15.314,39.27898,-109.04062,4931.9,39.27869,-109.03994,4918.2,3,0,0,116,0x01,29,11,14,1,-78,-87,218.75,-7.155,219.185,87.088,100%,3.386,4.118,961,939,0,939,932,,0.00000,0.00000,0.0,0,0.0,-50,-6.6
Colleen5939,2026-01-18,10:48:16.303,39.27898,-109.04062,4931.9,39.27869,-109.03994,4918.2,3,0,0,-137,0x01,29,11,14,1,-78,-87,218.80,-7.119,219.232,87.108,100%,3.386,4.118,962,940,0,940,933,,0.00000,0.00000,0.0,0,0.0,-50,-6.6
Colleen5939,2026-01-18,10:48:17.295,39.27898,-109.04062,4931.9,39.27869,-109.03994,4918.3,3,0,0,153,0x01,29,11,14,1,-77,-88,218.83,-7.067,219.254,97.747,100%,3.390,4.118,963,941,0,941,934,,0.00000,0.00000,0.0,0,0.0,-50,-6.6
Colleen5939,2026-01-18,10:48:18.285,39.27898,-109.04062,4931.9,39.27869,-109.03994,4918.2,3,0,0,56,0x01,28,11,14,1,-78,-86,218.85,-7.086,219.279,87.127,100%,3.390,4.118,964,942,0,942,935,,0.00000,0.00000,0.0,0,0.0,-50,-6.6
Colleen5939,2026-01-18,10:48:19.333,39.27898,-109.04062,4931.9,39.27869,-109.03994,4918.3,3,0,0,156,0x01,29,10,14,1,-87,-88,218.90,-7.050,219.327,30.921,100%,3.388,4.118,965,943,0,943,936,,0.00000,0.00000,0.0,0,0.0,-50,-6.6
Colleen5939,2026-01-18,10:48:20.295,39.27898,-109.04062,4931.9,39.27869,-109.03994,4918.3,3,0,0,127,0x01,29,11,14,1,-75,-96,218.90,-7.054,219.327,123.098,100%,3.388,4.118,966,944,0,944,937,,0.00000,0.00000,0.0,0,0.0,-50,-6.6
Colleen5939,2026-01-18,10:48:21.285,39.27898,-109.04062,4931.9,39.27869,-109.03994,4918.3,3,0,0,136,0x01,29,11,14,0,-86,-83,218.93,-7.050,219.351,34.698,100%,3.391,4.117,967,945,0,945,938,,0.00000,0.00000,0.0,0,0.0,-50,-6.6
Colleen5939,2026-01-18,10:48:22.334,39.27898,-109.04062,4931.9,39.27869,-109.03994,4918.3,3,0,0,-90,0x01,28,11,14,0,-76,-100,218.95,-7.041,219.375,109.736,100%,3.391,4.118,968,946,0,946,939,,0.00000,0.00000,0.0,0,0.0,-50,-6.6
Colleen5939,2026-01-18,10:48:23.293,39.27898,-109.04062,4931.9,39.27869,-109.03994,4918.3,3,0,0,116,0x01,29,11,14,1,-88,-84,218.95,-7.067,219.377,27.565,100%,3.391,4.116,969,947,0,947,940,,0.00000,0.00000,0.0,0,0.0,-50,-6.6
Colleen5939,2026-01-18,10:48:24.284,39.27898,-109.04062,4931.9,39.27869,-109.03994,4918.3,3,0,0,-147,0x01,28,11,14,1,-82,-97,218.98,-7.044,219.400,55.005,100%,3.381,4.118,970,948,0,948,941,,0.00000,0.00000,0.0,0,0.0,-50,-6.6
Colleen5939,2026-01-18,10:48:25.304,39.27898,-109.04062,4931.9,39.27869,-109.03994,4918.3,3,0,0,45,0x01,28,11,14,1,-75,-91,218.98,-7.021,219.399,123.140,100%,3.381,4.116,971,949,0,949,942,,0.00000,0.00000,0.0,0,0.0,-50,-6.6
Colleen5939,2026-01-18,10:48:26.295,39.27898,-109.04062,4931.9,39.27869,-109.03994,4918.3,3,0,0,60,0x01,29,11,14,1,-76,-84,219.00,-7.021,219.424,109.761,100%,3.385,4.118,972,950,0,950,943,,0.00000,0.00000,0.0,0,0.0,-50,-6.6
Colleen5939,2026-01-18,10:48:27.284,39.27898,-109.04062,4931.9,39.27869,-109.03994,4918.3,3,0,0,22,0x01,29,11,14,1,-75,-85,219.03,-7.018,219.448,123.168,100%,3.385,4.116,973,951,0,951,944,,0.00000,0.00000,0.0,0,0.0,-50,-6.6
Colleen5939,2026-01-18,10:48:28.303,39.27898,-109.04062,4931.9,39.27869,-109.03994,4918.3,3,0,0,126,0x01,29,11,14,1,-75,-84,219.03,-7.024,219.448,123.168,100%,3.385,4.117,974,952,0,952,945,,0.00000,0.00000,0.0,0,0.0,-50,-6.6
Colleen5939,2026-01-18,10:48:29.293,39.27898,-109.04062,4931.9,39.27869,-109.03994,4918.4,3,0,0,109,0x01,29,11,14,1,-85,-84,219.05,-6.942,219.468,38.954,100%,3.385,4.117,975,953,0,953,946,,0.00000,0.00000,0.0,0,0.0,-50,-6.6
Colleen5939,2026-01-18,10:48:30.314,39.27898,-109.04062,4931.9,39.27869,-109.03994,4918.4,3,0,0,71,0x01,29,11,14,1,-89,-99,219.08,-6.929,219.492,24.581,100%,3.389,4.118,976,954,0,954,947,,0.00000,0.00000,0.0,0,0.0,-50,-6.6
Colleen5939,2026-01-18,10:48:31.305,39.27898,-109.04062,4931.9,39.27869,-109.03994,4918.4,3,0,0,-18,0x01,29,11,14,1,-80,-94,219.08,-6.897,219.490,69.278,100%,3.389,4.118,977,955,0,955,948,,0.00000,0.00000,0.0,0,0.0,-50,-6.6
Colleen5939,2026-01-18,10:48:32.294,39.27898,-109.04062,4931.9,39.27869,-109.03994,4918.4,3,0,0,-90,0x01,28,12,13,1,-75,-87,219.10,-6.877,219.513,123.210,100%,3.389,4.117,978,956,0,956,949,,0.00000,0.00000,0.0,0,0.0,-50,-6.6
Colleen5939,2026-01-18,10:48:33.284,39.27898,-109.04062,4931.9,39.27869,-109.03994,4918.5,3,0,0,-153,0x01,29,11,14,1,-85,-84,219.10,-6.847,219.512,38.962,100%,3.341,4.116,979,957,0,957,950,,0.00000,0.00000,0.0,0,0.0,-50,-6.6
Colleen5939,2026-01-18,10:48:34.302,39.27898,-109.04062,4931.9,39.27869,-109.03994,4918.5,3,0,0,-63,0x01,29,12,13,1,-83,-92,219.13,-6.798,219.533,49.056,100%,3.341,4.118,980,958,0,958,951,,0.00000,0.00000,0.0,0,0.0,-50,-6.6
Colleen5939,2026-01-18,10:48:35.324,39.27898,-109.04062,4931.9,39.27869,-109.03994,4918.5,3,0,0,-162,0x01,29,11,14,0,-78,-91,219.13,-6.794,219.533,87.236,100%,3.384,4.117,981,959,0,959,952,,0.00000,0.00000,0.0,0,0.0,-50,-6.6
Colleen5939,2026-01-18,10:48:36.284,39.27898,-109.04062,4931.9,39.27869,-109.03994,4918.6,3,0,0,-40,0x01,29,11,14,1,-78,-86,219.15,-6.729,219.554,87.245,100%,3.384,4.117,982,960,0,960,953,,0.00000,0.00000,0.0,0,0.0,-50,-6.6
Colleen5939,2026-01-18,10:48:37.303,39.27898,-109.04062,4931.9,39.27869,-109.03994,4918.6,3,0,0,-161,0x01,29,11,14,1,-78,-86,219.18,-6.706,219.577,87.255,100%,3.387,4.117,983,961,0,961,954,,0.00000,0.00000,0.0,0,0.0,-50,-6.6
Colleen5939,2026-01-18,10:48:38.295,39.27898,-109.04062,4931.9,39.27869,-109.03994,4918.7,3,0,0,-165,0x01,29,11,14,1,-76,-86,219.20,-6.664,219.599,109.860,100%,3.387,4.117,984,962,0,962,955,,0.00000,0.00000,0.0,0,0.0,-50,-6.6
Colleen5939,2026-01-18,10:48:39.284,39.27898,-109.04062,4931.9,39.27869,-109.03994,4918.7,3,0,0,155,0x01,29,11,14,1,-80,-86,219.22,-6.667,219.624,69.325,100%,3.388,4.117,985,963,0,963,956,,0.00000,0.00000,0.0,0,0.0,-50,-6.6
Colleen5939,2026-01-18,10:48:40.303,39.27898,-109.04062,4931.9,39.27869,-109.03994,4918.7,3,0,0,-135,0x01,28,11,14,0,-79,-88,219.25,-6.647,219.648,77.793,100%,3.388,4.118,986,964,0,964,957,,0.00000,0.00000,0.0,0,0.0,-50,-6.6
Colleen5939,2026-01-18,10:48:41.295,39.27898,-109.04062,4931.9,39.27869,-109.03994,4918.7,3,0,0,-172,0x01,29,11,14,0,-80,-88,219.27,-6.630,219.671,69.341,100%,3.387,4.117,987,965,0,965,958,,0.00000,0.00000,0.0,0,0.0,-50,-6.6
Colleen5939,2026-01-18,10:48:43.304,39.27898,-109.04062,4931.9,39.27867,-109.03995,4916.2,3,5,-1,144,0x01,22,1,0,0,-92,-80,221.65,-9.167,222.206,17.606,100%,3.387,4.099,989,967,0,966,960,,0.00000,0.00000,0.0,0,0.0,-50,-6.6
Colleen5939,2026-01-18,10:48:44.294,39.27898,-109.04062,4931.9,39.27862,-109.03982,4923.3,3,71,30,132,0x01,13,1,1,0,-97,-99,261.81,-2.041,261.951,11.695,100%,3.339,4.118,990,968,0,967,961,,0.00000,0.00000,0.0,0,0.0,-50,-6.6
Colleen5939,2026-01-18,10:48:45.284,39.27898,-109.04062,4931.9,39.27847,-109.03962,5005.7,3,65,155,139,0x01,12,2,2,0,-99,-100,339.46,80.354,347.388,12.045,100%,3.339,4.117,991,969,0,968,962,,0.00000,0.00000,0.0,0,0.0,-50,-6.6
Colleen5939,2026-01-18,10:48:46.305,39.27898,-109.04062,4931.9,39.27847,-109.03957,5429.6,3,61,522,-21,0x01,7,3,2,0,-95,-105,350.33,504.318,608.676,19.701,100%,3.377,4.117,992,970,0,969,963,,0.00000,0.00000,0.0,0,0.0,-50,-6.6
Colleen5939,2026-01-18,10:48:47.294,39.27898,-109.04062,4931.9,39.27851,-109.03960,5538.2,0,62,541,-19,0x01,0,1,0,0,-103,-109,335.45,612.904,692.943,7.510,100%,3.377,4.117,993,971,0,970,964,,0.00000,0.00000,0.0,0,0.0,-50,-6.6
Colleen5939,2026-01-18,10:48:48.284,39.27898,-109.04062,4931.9,39.27882,-109.03996,6281.7,0,63,481,-14,0x01,0,1,0,0,-106,-96,193.01,1356.352,1363.511,3.059,100%,3.377,4.117,994,972,0,971,965,,0.00000,0.00000,0.0,0,0.0,-50,-6.6
Colleen5939,2026-01-18,10:48:49.304,39.27898,-109.04062,4931.9,39.27882,-109.03996,6281.7,0,63,481,-14,0x01,0,1,0,0,-93,-99,193.01,1356.352,1363.511,13.664,100%,3.386,4.116,995,973,0,972,966,,0.00000,0.00000,0.0,0,0.0,-50,-6.6
Colleen5939,2026-01-18,10:48:50.294,39.27898,-109.04062,4931.9,39.27882,-109.03996,6281.7,0,63,481,-14,0x01,0,1,0,0,-95,-105,193.01,1356.352,1363.511,10.853,100%,3.386,4.117,996,974,0,973,967,,0.00000,0.00000,0.0,0,0.0,-50,-6.6
Colleen5939,2026-01-18,10:48:51.283,39.27898,-109.04062,4931.9,39.28033,-109.04060,10135.4,3,44,266,-12,0x01,21,8,10,3,-94,-94,492.37,5210.040,5226.713,31.066,100%,3.386,4.116,997,975,0,974,968,,0.00000,0.00000,0.0,0,0.0,-50,-6.6
Colleen5939,2026-01-18,10:48:52.303,39.27898,-109.04062,4931.9,39.28043,-109.04062,10534.3,3,38,220,-12,0x01,24,11,11,1,-89,-112,529.73,5609.000,5627.419,59.437,100%,3.386,4.117,998,976,0,975,969,,0.00000,0.00000,0.0,0,0.0,-50,-6.6
Colleen5939,2026-01-18,10:48:53.293,39.27898,-109.04062,4931.9,39.28054,-109.04063,10757.7,3,36,177,-6,0x01,25,9,13,3,-105,-100,567.16,5832.401,5853.374,10.086,100%,3.343,4.114,999,977,0,976,970,,0.00000,0.00000,0.0,0,0.0,-50,-6.6
Colleen5939,2026-01-18,10:48:54.312,39.27898,-109.04062,4931.9,39.28064,-109.04065,10924.5,3,33,136,-6,0x01,27,9,14,3,-102,-106,604.60,5999.164,6023.017,15.187,100%,3.343,4.117,1000,978,0,977,971,,0.00000,0.00000,0.0,0,0.0,-50,-6.6
Colleen5939,2026-01-18,10:48:55.305,39.27898,-109.04062,4931.9,39.28072,-109.04066,11048.2,3,29,99,2,0x01,28,11,11,3,-94,-106,632.67,6122.852,6148.917,39.919,100%,3.383,4.115,1001,979,0,978,972,,0.00000,0.00000,0.0,0,0.0,-50,-6.6
Colleen5939,2026-01-18,10:48:56.293,39.27898,-109.04062,4931.9,39.28079,-109.04065,11133.9,3,25,66,3,0x01,28,6,18,1,-97,-99,660.71,6208.596,6237.120,29.513,100%,3.383,4.118,1002,980,0,979,973,,0.00000,0.00000,0.0,0,0.0,-50,-6.6
Colleen5939,2026-01-18,10:48:57.284,39.27898,-109.04062,4931.9,39.28087,-109.04063,11185.9,3,26,32,14,0x01,28,14,11,1,-98,-102,688.70,6260.542,6291.779,27.418,100%,3.384,4.115,1003,981,0,980,974,,0.00000,0.00000,0.0,0,0.0,-50,-6.6
Colleen5939,2026-01-18,10:48:58.303,39.27898,-109.04062,4931.9,39.28092,-109.04061,11202.7,3,25,0,15,0x01,29,6,13,6,-105,-102,707.38,6277.369,6310.571,12.579,100%,3.384,4.116,1004,982,0,981,975,,0.00000,0.00000,0.0,0,0.0,-50,-6.6
Colleen5939,2026-01-18,10:48:59.293,39.27898,-109.04062,4931.9,39.28100,-109.04059,11188.4,3,24,-28,18,0x01,28,10,13,2,-102,-106,735.47,6263.042,6299.553,18.474,100%,3.384,4.114,1005,983,0,982,976,,0.00000,0.00000,0.0,0,0.0,-50,-6.6
Colleen5939,2026-01-18,10:49:00.285,39.27898,-109.04062,4931.9,39.28105,-109.04055,11146.2,3,25,-58,34,0x01,29,16,10,1,-100,-112,754.37,6220.899,6259.950,23.855,100%,3.384,4.115,1006,984,0,983,977,,0.00000,0.00000,0.0,0,0.0,-50,-6.6
Colleen5939,2026-01-18,10:49:01.304,39.27898,-109.04062,4931.9,39.28110,-109.04050,11072.7,3,23,-89,37,0x01,29,15,11,0,-106,-103,773.58,6147.408,6189.372,12.260,100%,3.385,4.115,1007,985,0,984,978,,0.00000,0.00000,0.0,0,0.0,-50,-6.6
Colleen5939,2026-01-18,10:49:02.294,39.27898,-109.04062,4931.9,39.28115,-109.04044,10969.0,3,23,-119,40,0x01,29,17,8,0,-113,-115,793.04,6043.694,6088.990,5.614,100%,3.385,4.117,1008,986,0,985,979,,0.00000,0.00000,0.0,0,0.0,-50,-6.6
Colleen5939,2026-01-18,10:49:03.284,39.27898,-109.04062,4931.9,39.28120,-109.04039,10835.4,3,23,-148,40,0x01,29,18,8,0,-106,-117,812.75,5910.053,5959.167,12.881,100%,3.385,4.115,1009,987,0,986,980,,0.00000,0.00000,0.0,0,0.0,-50,-6.6
Colleen5939,2026-01-18,10:49:04.303,39.27898,-109.04062,4931.9,39.28125,-109.04034,10673.0,3,22,-176,44,0x01,29,13,12,1,-110,-108,832.71,5747.657,5801.164,8.327,100%,3.376,4.115,1010,988,0,987,981,,0.00000,0.00000,0.0,0,0.0,-50,-6.6
Colleen5939,2026-01-18,10:49:05.293,39.27898,-109.04062,4931.9,39.28131,-109.04028,10483.8,3,21,-201,44,0x01,29,14,12,0,-106,-108,852.94,5558.481,5617.049,13.518,100%,3.376,4.114,1011,989,0,988,981,,0.00000,0.00000,0.0,0,0.0,-50,-6.6
Colleen5939,2026-01-18,10:49:06.283,39.27898,-109.04062,4931.9,39.28133,-109.04022,10270.2,3,20,-225,51,0x01,29,11,15,0,-115,-113,864.17,5344.892,5407.817,4.860,100%,3.382,4.116,1012,990,0,989,982,,0.00000,0.00000,0.0,0,0.0,-50,-6.6
Colleen5939,2026-01-18,10:49:07.303,39.27898,-109.04062,4931.9,39.28138,-109.04016,10034.4,3,20,-246,55,0x01,29,9,17,0,-111,-113,884.97,5109.039,5178.645,7.887,100%,3.382,4.115,1013,991,0,990,982,,0.00000,0.00000,0.0,0,0.0,-50,-6.6
Colleen5939,2026-01-18,10:49:08.294,39.27898,-109.04062,4931.9,39.28141,-109.04010,9778.2,3,19,-265,56,0x01,29,11,16,0,-112,-112,896.81,4852.845,4928.555,7.124,100%,3.385,4.117,1014,992,0,991,983,,0.00000,0.00000,0.0,0,0.0,-50,-6.6
Colleen5939,2026-01-18,10:49:09.284,39.27898,-109.04062,4931.9,39.28143,-109.04004,9503.8,3,20,-281,58,0x01,29,14,12,0,-105,-112,908.95,4578.530,4661.440,16.164,100%,3.385,4.115,1015,993,0,992,983,,0.00000,0.00000,0.0,0,0.0,-50,-6.6
Colleen5939,2026-01-18,10:49:10.303,39.27898,-109.04062,4931.9,39.28149,-109.03997,9246.2,3,25,-204,55,0x01,27,1,4,9,-103,-106,931.09,4320.856,4413.615,20.845,100%,3.388,4.115,1016,994,0,993,984,,0.00000,0.00000,0.0,0,0.0,-50,-6.6
Colleen5939,2026-01-18,10:49:11.294,39.27898,-109.04062,4931.9,39.28151,-109.03986,9141.4,3,20,-89,40,0x01,24,7,15,0,-113,-106,946.44,4216.122,4314.636,6.700,100%,3.388,4.114,1017,995,0,994,985,,0.00000,0.00000,0.0,0,0.0,-50,-6.6
Colleen5939,2026-01-18,10:49:12.283,39.27898,-109.04062,4931.9,39.28154,-109.03980,9075.3,3,17,-59,94,0x01,24,13,8,0,-101,-101,959.71,4150.000,4253.124,27.048,100%,3.388,4.116,1018,996,0,995,986,,0.00000,0.00000,0.0,0,0.0,-50,-6.6
Colleen5939,2026-01-18,10:49:13.305,39.27898,-109.04062,4931.9,39.28154,-109.03977,9012.2,3,16,-56,50,0x01,25,9,12,2,-101,-105,961.68,4086.867,4192.095,27.104,100%,3.335,4.114,1019,997,0,996,987,,0.00000,0.00000,0.0,0,0.0,-50,-6.6
Colleen5939,2026-01-18,10:49:14.293,39.27898,-109.04062,4931.9,39.28156,-109.03971,8953.4,3,26,-61,100,0x01,28,6,18,1,-114,-104,975.32,4028.055,4138.067,6.154,100%,3.335,4.115,1020,998,0,997,988,,0.00000,0.00000,0.0,0,0.0,-50,-6.6
Colleen5939,2026-01-18,10:49:15.282,39.27898,-109.04062,4931.9,39.28154,-109.03967,8895.6,3,13,-59,133,0x01,28,10,11,3,-101,-104,969.67,3970.256,4080.572,27.329,100%,3.376,4.114,1021,999,0,998,988,,0.00000,0.00000,0.0,0,0.0,-50,-6.6
Colleen5939,2026-01-18,10:49:16.304,39.27898,-109.04062,4931.9,39.28151,-109.03962,8838.4,3,18,-66,117,0x01,28,5,16,3,-108,-104,964.47,3913.101,4023.827,12.142,100%,3.376,4.115,1022,1000,0,999,988,,0.00000,0.00000,0.0,0,0.0,-50,-6.6
Colleen5939,2026-01-18,10:49:17.293,39.27898,-109.04062,4931.9,39.28151,-109.03956,8775.2,3,16,-53,110,0x01,29,9,15,2,-98,-106,969.70,3849.836,3963.713,38.605,100%,3.384,4.114,1023,1001,0,1000,989,,0.00000,0.00000,0.0,0,0.0,-50,-6.6
Colleen5939,2026-01-18,10:49:18.283,39.27898,-109.04062,4931.9,39.28151,-109.03950,8717.6,3,21,-61,70,0x01,29,6,16,3,-100,-108,975.19,3792.277,3909.294,30.838,100%,3.384,4.115,1024,1002,0,1001,990,,0.00000,0.00000,0.0,0,0.0,-50,-6.6
Colleen5939,2026-01-18,10:49:19.304,39.27898,-109.04062,4931.9,39.28154,-109.03941,8652.7,3,23,-71,82,0x01,29,12,11,2,-112,-104,991.82,3727.355,3850.709,7.878,100%,3.384,4.114,1025,1003,0,1002,991,,0.00000,0.00000,0.0,0,0.0,-50,-6.6
Colleen5939,2026-01-18,10:49:20.294,39.27898,-109.04062,4931.9,39.28154,-109.03936,8589.6,3,13,-61,63,0x01,29,13,13,0,-101,-103,997.26,3664.298,3791.240,28.107,100%,3.384,4.115,1026,1004,0,1003,992,,0.00000,0.00000,0.0,0,0.0,-50,-6.6
Colleen5939,2026-01-18,10:49:21.284,39.27898,-109.04062,4931.9,39.28156,-109.03928,8528.6,3,27,-55,61,0x01,29,3,17,5,-101,-122,1013.93,3603.245,3736.860,28.576,100%,3.384,4.114,1027,1005,0,1004,993,,0.00000,0.00000,0.0,0,0.0,-50,-6.6
Colleen5939,2026-01-18,10:49:22.304,39.27898,-109.04062,4931.9,39.28161,-109.03922,8464.0,3,26,-65,25,0x01,29,14,9,3,-105,-106,1038.33,3538.727,3681.613,18.464,100%,3.384,4.115,1028,1006,0,1005,994,,0.00000,0.00000,0.0,0,0.0,-50,-6.6
Colleen5939,2026-01-18,10:49:23.294,39.27898,-109.04062,4931.9,39.28167,-109.03918,8406.8,3,20,-52,38,0x01,29,15,9,2,-92,-111,1059.40,3481.443,3632.779,84.151,100%,3.384,4.114,1029,1007,0,1006,995,,0.00000,0.00000,0.0,0,0.0,-50,-6.6
Colleen5939,2026-01-18,10:49:24.283,39.27898,-109.04062,4931.9,39.28169,-109.03915,8348.2,3,12,-56,56,0x01,29,8,16,1,-115,-101,1071.69,3422.884,3580.465,6.027,100%,3.373,4.115,1030,1008,0,1007,996,,0.00000,0.00000,0.0,0,0.0,-50,-6.6
Colleen5939,2026-01-18,10:49:25.304,39.27898,-109.04062,4931.9,39.28172,-109.03910,8285.4,3,23,-64,51,0x01,29,10,11,5,-99,-113,1085.69,3360.039,3524.837,38.522,100%,3.373,4.115,1031,1009,0,1008,997,,0.00000,0.00000,0.0,0,0.0,-50,-6.6
Colleen5939,2026-01-18,10:49:26.298,39.27898,-109.04062,4931.9,39.28174,-109.03904,8223.8,3,21,-54,41,0x01,29,7,17,1,-98,-104,1100.48,3298.475,3470.981,43.811,100%,3.381,4.115,1032,1010,0,1009,998,,0.00000,0.00000,0.0,0,0.0,-50,-6.6
Colleen5939,2026-01-18,10:49:27.285,39.27898,-109.04062,4931.9,39.28176,-109.03899,8162.3,3,12,-64,73,0x01,29,6,17,2,-114,-98,1114.73,3237.005,3417.358,7.033,100%,3.381,4.113,1033,1011,0,1010,999,,0.00000,0.00000,0.0,0,0.0,-50,-6.6
Colleen5939,2026-01-18,10:49:28.304,39.27898,-109.04062,4931.9,39.28182,-109.03896,8100.9,3,17,-56,26,0x01,29,4,21,0,-109,-109,1134.94,3175.574,3366.106,12.734,100%,3.382,4.115,1034,1012,0,1011,1000,,0.00000,0.00000,0.0,0,0.0,-50,-6.6
Colleen5939,2026-01-18,10:49:29.294,39.27898,-109.04062,4931.9,39.28185,-109.03894,8042.8,3,14,-58,29,0x01,29,2,20,3,-96,-109,1146.80,3117.523,3315.597,57.476,100%,3.382,4.115,1035,1013,0,1012,1001,,0.00000,0.00000,0.0,0,0.0,-50,-6.6
Colleen5939,2026-01-18,10:49:30.284,39.27898,-109.04062,4931.9,39.28187,-109.03890,7986.1,3,25,-57,43,0x01,29,5,17,4,-95,-104,1159.01,3060.768,3266.714,65.176,100%,3.385,4.115,1036,1014,0,1013,1002,,0.00000,0.00000,0.0,0,0.0,-50,-6.6
Colleen5939,2026-01-18,10:49:31.305,39.27898,-109.04062,4931.9,39.28192,-109.03884,7930.6,3,25,-57,57,0x01,29,13,11,2,-100,-102,1183.51,3005.302,3223.831,37.426,100%,3.385,4.114,1037,1015,0,1014,1003,,0.00000,0.00000,0.0,0,0.0,-50,-6.6
Colleen5939,2026-01-18,10:49:32.354,39.27898,-109.04062,4931.9,39.28194,-109.03877,7874.6,3,16,-57,73,0x01,29,11,13,3,-100,-121,1200.70,2949.232,3178.199,37.969,100%,3.385,4.115,1038,1016,0,1015,1004,,0.00000,0.00000,0.0,0,0.0,-50,-6.6
Colleen5939,2026-01-18,10:49:33.284,39.27898,-109.04062,4931.9,39.28194,-109.03871,7819.2,3,12,-55,85,0x01,29,8,12,5,-94,-110,1207.68,2893.921,3129.742,76.199,100%,3.335,4.114,1039,1017,0,1016,1005,,0.00000,0.00000,0.0,0,0.0,-50,-6.6
Colleen5939,2026-01-18,10:49:34.303,39.27898,-109.04062,4931.9,39.28197,-109.03869,7761.6,3,6,-56,57,0x01,29,14,9,3,-98,-98,1219.40,2836.257,3081.245,48.545,100%,3.335,4.115,1040,1018,0,1017,1006,,0.00000,0.00000,0.0,0,0.0,-50,-6.6
Colleen5939,2026-01-18,10:49:35.295,39.27898,-109.04062,4931.9,39.28197,-109.03869,7703.2,3,13,-58,-3,0x01,29,15,11,0,-100,-101,1219.48,2777.881,3027.753,38.563,100%,3.375,4.114,1041,1019,0,1018,1007,,0.00000,0.00000,0.0,0,0.0,-50,-6.6
Colleen5939,2026-01-18,10:49:36.283,39.27898,-109.04062,4931.9,39.28202,-109.03869,7646.4,3,13,-55,-9,0x01,29,16,9,0,-94,-105,1236.27,2721.129,2982.816,78.003,100%,3.375,4.115,1042,1020,0,1019,1008,,0.00000,0.00000,0.0,0,0.0,-50,-6.6
Colleen5939,2026-01-18,10:49:37.303,39.27898,-109.04062,4931.9,39.28202,-109.03869,7587.8,3,10,-60,121,0x01,29,7,15,3,-96,-100,1235.92,2662.474,2929.390,61.943,100%,3.379,4.113,1043,1021,0,1020,1009,,0.00000,0.00000,0.0,0,0.0,-50,-6.6
Colleen5939,2026-01-18,10:49:38.292,39.27898,-109.04062,4931.9,39.28202,-109.03864,7530.0,3,17,-54,80,0x01,29,8,19,0,-102,-103,1241.50,2604.725,2879.537,31.185,100%,3.379,4.115,1044,1022,0,1021,1010,,0.00000,0.00000,0.0,0,0.0,-50,-6.6
Colleen5939,2026-01-18,10:49:39.315,39.27898,-109.04062,4931.9,39.28205,-109.03857,7472.7,3,23,-57,48,0x01,29,4,20,2,-101,-109,1258.72,2547.412,2835.534,35.476,100%,3.379,4.114,1045,1023,0,1022,1011,,0.00000,0.00000,0.0,0,0.0,-50,-6.6
Colleen5939,2026-01-18,10:49:40.305,39.27898,-109.04062,4931.9,39.28210,-109.03854,7414.7,3,11,-59,17,0x01,29,8,15,2,-96,-103,1280.86,2489.337,2793.697,64.195,100%,3.379,4.117,1046,1024,0,1023,1012,,0.00000,0.00000,0.0,0,0.0,-50,-6.6
Colleen5939,2026-01-18,10:49:41.323,39.27898,-109.04062,4931.9,39.28212,-109.03853,7357.1,3,2,-59,-124,0x01,28,9,16,0,-93,-111,1289.61,2431.752,2746.744,91.297,100%,3.378,4.111,1047,1025,0,1024,1013,,0.00000,0.00000,0.0,0,0.0,-50,-6.6
Colleen5939,2026-01-18,10:49:42.285,39.27898,-109.04062,4931.9,39.28210,-109.03852,7299.2,3,9,-56,144,0x01,29,7,14,4,-96,-100,1282.46,2373.832,2692.331,64.275,100%,3.378,4.115,1048,1026,0,1025,1014,,0.00000,0.00000,0.0,0,0.0,-50,-6.6
Colleen5939,2026-01-18,10:49:43.303,39.27898,-109.04062,4931.9,39.28207,-109.03848,7240.7,3,14,-57,127,0x01,29,14,11,1,-106,-105,1279.13,2315.358,2639.446,20.273,100%,3.378,4.114,1049,1027,0,1026,1015,,0.00000,0.00000,0.0,0,0.0,-50,-6.6
Colleen5939,2026-01-18,10:49:44.294,39.27898,-109.04062,4931.9,39.28207,-109.03844,7183.5,3,16,-58,128,0x01,29,7,14,5,-101,-107,1284.77,2258.209,2592.394,36.210,100%,3.370,4.115,1050,1028,0,1027,1016,,0.00000,0.00000,0.0,0,0.0,-50,-6.6
Colleen5939,2026-01-18,10:49:45.284,39.27898,-109.04062,4931.9,39.28202,-109.03841,7128.1,3,15,-51,171,0x01,29,16,9,1,-99,-105,1271.59,2202.733,2537.728,45.118,100%,3.370,4.114,1051,1029,0,1028,1017,,0.00000,0.00000,0.0,0,0.0,-50,-6.6
Colleen5939,2026-01-18,10:49:46.275,39.27898,-109.04062,4931.9,39.28200,-109.03844,7071.5,3,9,-58,-132,0x01,29,9,13,5,-97,-103,1260.57,2146.207,2483.362,56.308,100%,3.377,4.115,1052,1030,0,1029,1018,,0.00000,0.00000,0.0,0,0.0,-50,-6.6
Colleen5939,2026-01-18,10:49:47.294,39.27898,-109.04062,4931.9,39.28197,-109.03848,7015.1,3,10,-54,-116,0x01,29,9,16,1,-104,-100,1247.17,2089.826,2428.044,24.884,100%,3.377,4.113,1053,1031,0,1030,1019,,0.00000,0.00000,0.0,0,0.0,-50,-6.6
Colleen5939,2026-01-18,10:49:48.284,39.27898,-109.04062,4931.9,39.28197,-109.03853,6960.1,3,15,-56,-135,0x01,28,5,18,3,-106,-100,1240.34,2034.757,2377.391,19.658,100%,3.380,4.114,1054,1032,0,1031,1019,,0.00000,0.00000,0.0,0,0.0,-50,-6.6
Colleen5939,2026-01-18,10:49:49.305,39.27898,-109.04062,4931.9,39.28194,-109.03855,6904.5,3,9,-56,-172,0x01,29,12,13,1,-100,-105,1228.98,1979.177,2324.129,38.864,100%,3.380,4.114,1055,1033,0,1032,1020,,0.00000,0.00000,0.0,0,0.0,-50,-6.6
Colleen5939,2026-01-18,10:49:50.294,39.27898,-109.04062,4931.9,39.28194,-109.03857,6848.7,3,9,-56,-53,0x01,29,13,13,0,-98,-104,1226.91,1923.409,2275.867,48.844,100%,3.379,4.115,1056,1034,0,1033,1021,,0.00000,0.00000,0.0,0,0.0,-50,-6.6
Colleen5939,2026-01-18,10:49:51.285,39.27898,-109.04062,4931.9,39.28194,-109.03860,6792.5,3,17,-60,-53,0x01,29,4,17,4,-95,-101,1222.26,1867.182,2226.164,68.733,100%,3.379,4.114,1057,1035,0,1034,1022,,0.00000,0.00000,0.0,0,0.0,-50,-6.6
Colleen5939,2026-01-18,10:49:52.304,39.27898,-109.04062,4931.9,39.28197,-109.03860,6730.3,3,8,-56,-4,0x01,29,6,17,2,-102,-101,1229.74,1805.017,2178.689,30.890,100%,3.379,4.115,1058,1036,0,1035,1023,,0.00000,0.00000,0.0,0,0.0,-50,-6.6
Colleen5939,2026-01-18,10:49:53.294,39.27898,-109.04062,4931.9,39.28200,-109.03862,6677.8,3,11,-52,-97,0x01,27,5,21,1,-113,-103,1236.02,1752.474,2139.139,8.750,100%,3.328,4.111,1059,1037,0,1036,1024,,0.00000,0.00000,0.0,0,0.0,-50,-6.6
Colleen5939,2026-01-18,10:49:54.284,39.27898,-109.04062,4931.9,39.28200,-109.03867,6621.9,3,19,-59,-84,0x01,28,5,20,0,-101,-104,1229.85,1696.595,2090.147,34.662,100%,3.328,4.115,1060,1038,0,1037,1025,,0.00000,0.00000,0.0,0,0.0,-50,-6.6
Colleen5939,2026-01-18,10:49:55.303,39.27898,-109.04062,4931.9,39.28200,-109.03876,6564.1,3,24,-56,-84,0x01,29,8,15,2,-106,-113,1219.39,1638.753,2037.386,19.326,100%,3.373,4.112,1061,1039,0,1038,1026,,0.00000,0.00000,0.0,0,0.0,-50,-6.6
Colleen5939,2026-01-18,10:49:56.294,39.27898,-109.04062,4931.9,39.28200,-109.03884,6508.0,3,22,-50,-65,0x01,29,15,11,0,-108,-106,1209.16,1582.730,1986.542,15.222,100%,3.373,4.114,1062,1040,0,1039,1027,,0.00000,0.00000,0.0,0,0.0,-50,-6.6
Colleen5939,2026-01-18,10:49:57.286,39.27898,-109.04062,4931.9,39.28202,-109.03890,6454.8,3,18,-57,-96,0x01,29,1,15,9,-94,-98,1210.52,1529.478,1945.407,76.379,100%,3.376,4.113,1063,1041,0,1040,1028,,0.00000,0.00000,0.0,0,0.0,-50,-6.6
Colleen5939,2026-01-18,10:49:58.304,39.27898,-109.04062,4931.9,39.28200,-109.03897,6388.8,3,27,-70,-80,0x01,28,4,15,6,-96,-100,1194.49,1463.501,1884.002,59.866,100%,3.376,4.114,1064,1042,0,1041,1029,,0.00000,0.00000,0.0,0,0.0,-50,-6.6
Colleen5939,2026-01-18,10:49:59.294,39.27898,-109.04062,4931.9,39.28200,-109.03905,6326.2,3,19,-66,-82,0x01,29,8,12,5,-96,-96,1186.37,1400.853,1830.711,59.459,100%,3.378,4.114,1065,1043,0,1042,1030,,0.00000,0.00000,0.0,0,0.0,-50,-6.6
Colleen5939,2026-01-18,10:50:00.284,39.27898,-109.04062,4931.9,39.28202,-109.03910,6265.2,3,12,-59,-91,0x01,29,8,16,2,-98,-104,1189.16,1339.931,1786.604,47.341,100%,3.378,4.115,1066,1044,0,1043,1031,,0.00000,0.00000,0.0,0,0.0,-50,-6.6
Colleen5939,2026-01-18,10:50:01.305,39.27898,-109.04062,4931.9,39.28200,-109.03915,6198.9,3,12,-71,-83,0x01,29,6,16,4,-89,-97,1175.79,1273.582,1728.525,131.925,100%,3.376,4.114,1067,1045,0,1044,1032,,0.00000,0.00000,0.0,0,0.0,-50,-6.6
Colleen5939,2026-01-18,10:50:02.295,39.27898,-109.04062,4931.9,39.28200,-109.03921,6137.0,3,22,-59,-114,0x01,28,13,11,2,-98,-96,1170.19,1211.634,1679.736,46.586,100%,3.376,4.114,1068,1046,0,1045,1033,,0.00000,0.00000,0.0,0,0.0,-50,-6.6
Colleen5939,2026-01-18,10:50:03.288,39.27898,-109.04062,4931.9,39.28197,-109.03926,6080.0,3,15,-54,-140,0x01,29,7,16,2,-86,-101,1156.10,1154.685,1629.339,183.230,100%,3.376,4.113,1069,1047,0,1046,1034,,0.00000,0.00000,0.0,0,0.0,-50,-6.6
Colleen5939,2026-01-18,10:50:04.304,39.27898,-109.04062,4931.9,39.28194,-109.03929,6023.6,3,11,-65,-169,0x01,29,6,14,5,-97,-96,1144.43,1098.271,1581.621,51.120,100%,3.364,4.116,1070,1048,0,1047,1035,,0.00000,0.00000,0.0,0,0.0,-50,-6.6
Colleen5939,2026-01-18,10:50:05.295,39.27898,-109.04062,4931.9,39.28192,-109.03929,5960.6,3,2,-59,-143,0x01,29,3,18,4,-91,-99,1135.48,1035.322,1532.206,101.200,100%,3.364,4.114,1071,1049,0,1048,1036,,0.00000,0.00000,0.0,0,0.0,-50,-6.6
Colleen5939,2026-01-18,10:50:06.286,39.27898,-109.04062,4931.9,39.28189,-109.03931,5903.4,3,17,-61,-141,0x01,29,10,14,1,-91,-100,1125.39,978.091,1486.727,100.300,100%,3.375,4.114,1072,1050,0,1049,1037,,0.00000,0.00000,0.0,0,0.0,-50,-6.6
Colleen5939,2026-01-18,10:50:07.305,39.27898,-109.04062,4931.9,39.28187,-109.03935,5847.5,3,12,-60,-79,0x01,29,9,13,3,-99,-101,1112.14,922.169,1440.545,39.460,100%,3.375,4.114,1073,1051,0,1050,1038,,0.00000,0.00000,0.0,0,0.0,-50,-6.6
Colleen5939,2026-01-18,10:50:08.295,39.27898,-109.04062,4931.9,39.28187,-109.03938,5787.4,3,4,-56,-84,0x01,29,13,13,0,-94,-101,1110.01,862.047,1401.418,70.037,100%,3.374,4.114,1074,1052,0,1051,1039,,0.00000,0.00000,0.0,0,0.0,-50,-6.6
Colleen5939,2026-01-18,10:50:09.287,39.27898,-109.04062,4931.9,39.28187,-109.03938,5734.3,3,7,-54,172,0x01,29,7,18,2,-87,-99,1109.47,808.944,1369.208,156.717,100%,3.374,4.114,1075,1053,0,1052,1040,,0.00000,0.00000,0.0,0,0.0,-50,-6.6
Colleen5939,2026-01-18,10:50:10.305,39.27898,-109.04062,4931.9,39.28182,-109.03938,5680.0,3,15,-55,-174,0x01,29,13,13,1,-91,-96,1092.64,754.727,1324.236,97.382,100%,3.375,4.114,1076,1054,0,1053,1041,,0.00000,0.00000,0.0,0,0.0,-50,-6.6
Colleen5939,2026-01-18,10:50:11.295,39.27898,-109.04062,4931.9,39.28179,-109.03941,5622.6,3,19,-60,-110,0x01,29,16,8,2,-85,-97,1080.79,697.326,1282.676,192.195,100%,3.375,4.113,1077,1055,0,1054,1042,,0.00000,0.00000,0.0,0,0.0,-50,-6.6
Colleen5939,2026-01-18,10:50:12.285,39.27898,-109.04062,4931.9,39.28179,-109.03947,5566.9,3,16,-53,-84,0x01,29,15,11,0,-86,-101,1075.70,641.559,1249.137,170.487,100%,3.375,4.114,1078,1056,0,1055,1043,,0.00000,0.00000,0.0,0,0.0,-50,-6.6
Colleen5939,2026-01-18,10:50:13.305,39.27898,-109.04062,4931.9,39.28176,-109.03950,5529.7,3,15,-30,-64,0x01,29,15,9,2,-89,-97,1064.29,604.429,1220.713,119.415,100%,3.326,4.112,1079,1057,0,1056,1044,,0.00000,0.00000,0.0,0,0.0,-50,-6.6
Colleen5939,2026-01-18,10:50:14.294,39.27898,-109.04062,4931.9,39.28179,-109.03954,5504.2,3,10,-27,-97,0x01,28,13,13,0,-92,-95,1069.09,578.842,1212.621,84.921,100%,3.326,4.114,1080,1058,0,1057,1045,,0.00000,0.00000,0.0,0,0.0,-50,-6.6
Colleen5939,2026-01-18,10:50:15.284,39.27898,-109.04062,4931.9,39.28176,-109.03958,5477.4,3,4,-27,-94,0x01,29,13,11,2,-88,-99,1057.03,552.051,1189.479,133.072,100%,3.372,4.113,1081,1059,0,1058,1046,,0.00000,0.00000,0.0,0,0.0,-50,-6.6
Colleen5939,2026-01-18,10:50:16.304,39.27898,-109.04062,4931.9,39.28179,-109.03962,5451.0,3,14,-27,-77,0x01,29,9,16,1,-87,-100,1063.49,525.637,1183.406,150.222,100%,3.372,4.114,1082,1060,0,1059,1047,,0.00000,0.00000,0.0,0,0.0,-50,-6.6
Colleen5939,2026-01-18,10:50:17.294,39.27898,-109.04062,4931.9,39.28179,-109.03966,5423.6,3,12,-26,-43,0x01,28,19,5,0,-97,-93,1060.31,498.304,1168.782,47.362,100%,3.372,4.112,1083,1061,0,1060,1048,,0.00000,0.00000,0.0,0,0.0,-50,-6.6
Colleen5939,2026-01-18,10:50:18.283,39.27898,-109.04062,4931.9,39.28179,-109.03972,5394.1,3,15,-29,-100,0x01,29,16,10,0,-84,-104,1056.29,468.803,1152.995,210.757,100%,3.372,4.114,1084,1062,0,1061,1049,,0.00000,0.00000,0.0,0,0.0,-50,-6.6
Colleen5939,2026-01-18,10:50:19.305,39.27898,-109.04062,4931.9,39.28179,-109.03976,5366.4,3,14,-27,-68,0x01,29,13,10,2,-80,-93,1053.56,441.129,1139.666,333.166,100%,3.373,4.113,1085,1063,0,1062,1050,,0.00000,0.00000,0.0,0,0.0,-50,-6.6
Colleen5939,2026-01-18,10:50:20.294,39.27898,-109.04062,4931.9,39.28179,-109.03983,5340.7,3,14,-25,-142,0x01,29,18,7,0,-105,-92,1049.49,415.364,1126.297,18.663,100%,3.373,4.114,1086,1064,0,1063,1051,,0.00000,0.00000,0.0,0,0.0,-50,-6.6
Colleen5939,2026-01-18,10:50:21.285,39.27898,-109.04062,4931.9,39.28179,-109.03984,5319.0,3,16,-21,-70,0x01,28,13,11,2,-100,-98,1048.30,393.685,1117.491,33.150,100%,3.374,4.113,1087,1065,0,1064,1052,,0.00000,0.00000,0.0,0,0.0,-50,-6.6
Colleen5939,2026-01-18,10:50:22.303,39.27898,-109.04062,4931.9,39.28179,-109.03990,5296.3,3,13,-24,-129,0x01,28,19,4,1,-101,-96,1044.87,370.968,1106.586,29.448,100%,3.374,4.113,1088,1066,0,1065,1053,,0.00000,0.00000,0.0,0,0.0,-50,-6.6
Colleen5939,2026-01-18,10:50:23.294,39.27898,-109.04062,4931.9,39.28179,-109.03992,5273.2,3,21,-24,-60,0x01,29,14,10,2,-84,-98,1043.58,347.887,1097.978,208.221,100%,3.374,4.111,1089,1067,0,1066,1054,,0.00000,0.00000,0.0,0,0.0,-50,-6.6
Colleen5939,2026-01-18,10:50:24.285,39.27898,-109.04062,4931.9,39.28179,-109.03999,5251.5,3,11,-21,-102,0x01,28,15,9,0,-83,-91,1040.32,326.207,1088.315,232.898,100%,3.369,4.114,1090,1068,0,1067,1055,,0.00000,0.00000,0.0,0,0.0,-50,-6.6
Colleen5939,2026-01-18,10:50:25.304,39.27898,-109.04062,4931.9,39.28179,-109.04004,5228.6,3,8,-23,-76,0x01,28,14,10,1,-92,-93,1038.29,303.255,1079.843,82.474,100%,3.369,4.113,1091,1069,0,1068,1056,,0.00000,0.00000,0.0,0,0.0,-50,-6.6
Colleen5939,2026-01-18,10:50:26.294,39.27898,-109.04062,4931.9,39.28179,-109.04009,5207.0,3,22,-19,-107,0x01,29,17,4,4,-85,-98,1036.01,281.660,1071.914,184.232,100%,3.369,4.114,1092,1070,0,1069,1057,,0.00000,0.00000,0.0,0,0.0,-50,-6.6
Colleen5939,2026-01-18,10:50:27.284,39.27898,-109.04062,4931.9,39.28176,-109.04013,5186.9,3,11,-19,-95,0x01,29,14,12,1,-98,-96,1025.11,261.555,1056.345,40.810,100%,3.369,4.113,1093,1071,0,1070,1058,,0.00000,0.00000,0.0,0,0.0,-50,-6.6
Colleen5939,2026-01-18,10:50:28.304,39.27898,-109.04062,4931.9,39.28176,-109.04020,5166.6,3,33,-18,-121,0x01,29,16,8,1,-98,-101,1022.73,241.273,1049.312,40.715,100%,3.371,4.114,1094,1072,0,1071,1059,,0.00000,0.00000,0.0,0,0.0,-50,-6.6
Colleen5939,2026-01-18,10:50:29.293,39.27898,-109.04062,4931.9,39.28176,-109.04024,5149.8,3,36,-19,-80,0x01,29,15,9,2,-82,-100,1021.53,224.442,1044.502,256.596,100%,3.371,4.111,1095,1073,0,1072,1060,,0.00000,0.00000,0.0,0,0.0,-50,-6.6
Colleen5939,2026-01-18,10:50:30.285,39.27898,-109.04062,4931.9,39.28176,-109.04029,5132.3,3,13,-19,-27,0x01,29,17,6,2,-86,-91,1020.05,206.985,1039.551,161.667,100%,3.370,4.113,1096,1074,0,1073,1061,,0.00000,0.00000,0.0,0,0.0,-50,-6.6
Colleen5939,2026-01-18,10:50:31.306,39.27898,-109.04062,4931.9,39.28176,-109.04037,5114.5,3,22,-18,-147,0x01,29,15,9,1,-97,-96,1018.28,189.186,1034.525,45.485,100%,3.370,4.113,1097,1075,0,1074,1062,,0.00000,0.00000,0.0,0,0.0,-50,-6.6
Colleen5939,2026-01-18,10:50:32.295,39.27898,-109.04062,4931.9,39.28176,-109.04041,5096.2,3,31,-17,-94,0x01,27,14,9,1,-87,-101,1017.61,170.895,1030.791,143.741,100%,3.370,4.114,1098,1076,0,1075,1063,,0.00000,0.00000,0.0,0,0.0,-50,-6.6
Colleen5939,2026-01-18,10:50:33.285,39.27898,-109.04062,4931.9,39.28174,-109.04045,5077.4,3,9,-16,-55,0x01,28,15,7,2,-86,-97,1007.68,152.120,1018.135,159.706,100%,3.317,4.113,1099,1077,0,1076,1064,,0.00000,0.00000,0.0,0,0.0,-50,-6.6
Colleen5939,2026-01-18,10:50:34.304,39.27898,-109.04062,4931.9,39.28174,-109.04052,5058.1,3,15,-16,-165,0x01,29,16,6,3,-87,-96,1006.91,132.789,1014.793,142.230,100%,3.317,4.114,1100,1078,0,1077,1065,,0.00000,0.00000,0.0,0,0.0,-50,-6.6
Colleen5939,2026-01-18,10:50:35.294,39.27898,-109.04062,4931.9,39.28174,-109.04057,5040.7,3,33,-17,-111,0x01,29,18,5,3,-86,-92,1006.65,115.381,1012.511,159.543,100%,3.364,4.112,1101,1079,0,1078,1066,,0.00000,0.00000,0.0,0,0.0,-50,-6.6
Colleen5939,2026-01-18,10:50:36.285,39.27898,-109.04062,4931.9,39.28174,-109.04060,5023.0,3,27,-17,-61,0x01,29,14,10,2,-89,-101,1006.57,97.674,1010.686,112.939,100%,3.364,4.114,1102,1080,0,1079,1067,,0.00000,0.00000,0.0,0,0.0,-50,-6.6
Colleen5939,2026-01-18,10:50:37.306,39.27898,-109.04062,4931.9,39.28172,-109.04067,5005.8,3,9,-16,-157,0x01,29,17,7,1,-93,-99,997.33,80.466,1000.068,70.606,100%,3.368,4.112,1103,1081,0,1080,1068,,0.00000,0.00000,0.0,0,0.0,-50,-6.6
Colleen5939,2026-01-18,10:50:38.294,39.27898,-109.04062,4931.9,39.28172,-109.04073,4987.9,3,33,-20,-123,0x01,29,17,6,2,-87,-98,997.78,62.589,999.355,140.941,100%,3.368,4.114,1104,1082,0,1081,1069,,0.00000,0.00000,0.0,0,0.0,-50,-6.6
Colleen5939,2026-01-18,10:50:39.285,39.27898,-109.04062,4931.9,39.28172,-109.04076,4969.3,3,15,-19,-67,0x01,29,14,11,1,-105,-100,998.12,44.016,998.820,17.749,100%,3.368,4.112,1105,1083,0,1082,1070,,0.00000,0.00000,0.0,0,0.0,-50,-6.6
Colleen5939,2026-01-18,10:50:40.305,39.27898,-109.04062,4931.9,39.28169,-109.04083,4948.0,3,15,-23,172,0x01,29,16,9,1,-106,-106,989.77,22.641,989.905,15.687,100%,3.368,4.115,1106,1084,0,1083,1071,,0.00000,0.00000,0.0,0,0.0,-50,-6.6
Colleen5939,2026-01-18,10:50:41.295,39.27898,-109.04062,4931.9,39.28169,-109.04084,4938.1,3,0,0,62,0x01,29,4,16,5,-127,-131,989.87,12.831,989.890,1.398,100%,3.367,4.114,1107,1085,0,1084,1071,,0.00000,0.00000,0.0,0,0.0,-50,-6.6
Colleen5939,2026-01-18,10:50:47.294,39.27898,-109.04062,4931.9,39.28169,-109.04084,4936.8,3,0,0,116,0x01,30,3,14,6,-127,-131,989.90,11.483,989.914,1.398,75%,3.365,4.113,1113,1087,0,1085,1071,,0.00000,0.00000,0.0,0,0.0,-50,-6.6
Colleen5939,2026-01-18,10:50:48.284,39.27898,-109.04062,4931.9,39.28169,-109.04084,4936.6,3,0,0,-161,0x01,30,3,14,6,-127,-131,989.90,11.240,989.914,1.398,75%,3.365,4.112,1114,1088,0,1086,1071,,0.00000,0.00000,0.0,0,0.0,-50,-6.6
Colleen5939,2026-01-18,10:50:50.295,39.27898,-109.04062,4931.9,39.28169,-109.04084,4936.2,3,0,0,56,0x01,30,3,14,6,-127,-131,989.90,10.889,989.914,1.398,75%,3.366,4.094,1116,1090,0,1087,1071,,0.00000,0.00000,0.0,0,0.0,-50,-6.6
Colleen5939,2026-01-18,10:51:04.305,39.27903,-109.04062,4928.5,39.28169,-109.04084,4934.3,3,0,0,136,0x01,29,3,13,7,-124,-130,974.76,12.314,974.774,1.945,27%,3.311,4.115,1130,1092,0,1088,1071,,0.00000,0.00000,0.0,0,0.0,-50,-6.6
Colleen5939,2026-01-18,10:51:07.395,39.27904,-109.04063,4926.4,39.28169,-109.04084,4934.1,3,0,0,36,0x01,30,3,13,7,-125,-128,968.25,14.175,968.282,1.722,25%,3.359,4.115,1133,1093,0,1089,1072,,0.00000,0.00000,0.0,0,0.0,-50,-6.6
Colleen5939,2026-01-18,10:51:08.295,39.27906,-109.04065,4928.0,39.28169,-109.04084,4934.0,3,0,0,177,0x01,30,3,13,7,-121,-127,962.24,12.549,962.254,2.712,28%,3.362,4.096,1134,1094,0,1090,1073,,0.00000,0.00000,0.0,0,0.0,-50,-6.6
Colleen5939,2026-01-18,10:51:09.284,39.27906,-109.04065,4928.0,39.28169,-109.04084,4934.1,3,0,0,-35,0x01,30,3,14,6,-126,-127,962.24,12.572,962.256,1.525,26%,3.362,4.115,1135,1095,0,1091,1074,,0.00000,0.00000,0.0,0,0.0,-50,-6.6
